date,brand,product,category,units_sold,selling_price,revenue,product_cost,discount_percent,marketing_cost,other_cost,total_cost,profit,market_growth_percent,market_condition,competitor_pressure
2025-01-15,FreshBite,Basmati Rice,Staples,231,94.5,20716.2,14227.37,5.1,1259.06,611.21,16097.64,4618.56,4.97,Growing,High
2025-01-15,FreshBite,Masala Noodles,Packaged Food,357,44.54,15089.84,10099.17,5.1,542.16,322.62,10963.95,4125.89,4.34,Competitive,High
2025-01-15,FreshBite,Fruit Juice,Beverages,289,69.65,18679.57,12528.33,7.2,1149.88,386.93,14065.14,4614.43,3.75,Stable,Low
2025-01-15,FreshBite,Potato Chips,Snacks,424,34.27,13251.8,8078.52,8.8,630.31,316.02,9024.85,4226.95,3.34,Growing,High
2025-01-15,FreshBite,Paneer Pack,Dairy,208,116.33,22333.5,15016.62,7.7,1213.19,716.9,16946.71,5386.79,4.26,Stable,High
2025-01-15,FreshBite,Mixed Namkeen,Snacks,243,87.51,20137.89,11971.74,5.3,1399.24,655.3,14026.28,6111.61,4.9,Stable,Medium
2025-01-15,DailyHarvest,Basmati Rice,Staples,231,103.39,21685.85,15728.68,9.2,1267.67,649.08,17645.43,4040.42,4.43,Growing,High
2025-01-15,DailyHarvest,Masala Noodles,Packaged Food,386,47.62,16965.96,11280.59,7.7,754.11,572.29,12606.99,4358.97,4.44,Growing,High
2025-01-15,DailyHarvest,Fruit Juice,Beverages,294,73.13,19608.2,13617.75,8.8,1238.78,486.67,15343.2,4265.0,2.82,Competitive,High
2025-01-15,DailyHarvest,Potato Chips,Snacks,449,38.21,15732.32,9757.82,8.3,803.29,354.02,10915.13,4817.19,3.29,Competitive,High
2025-01-15,DailyHarvest,Paneer Pack,Dairy,196,123.99,22382.18,15151.83,7.9,955.19,782.44,16889.46,5492.72,3.97,Growing,Low
2025-01-15,DailyHarvest,Mixed Namkeen,Snacks,288,86.63,23502.37,14993.93,5.8,1313.18,576.77,16883.88,6618.49,4.2,Stable,High
2025-01-15,SpiceHub,Basmati Rice,Staples,229,97.04,20488.83,13792.26,7.8,799.26,676.98,15268.5,5220.33,4.6,Competitive,Medium
2025-01-15,SpiceHub,Masala Noodles,Packaged Food,359,42.46,14145.63,9309.13,7.2,928.73,317.96,10555.82,3589.81,3.95,Growing,High
2025-01-15,SpiceHub,Fruit Juice,Beverages,316,69.79,20840.69,12699.88,5.5,1099.73,445.6,14245.21,6595.48,3.62,Growing,High
2025-01-15,SpiceHub,Potato Chips,Snacks,527,33.69,16050.19,9101.78,9.6,836.23,319.43,10257.44,5792.75,3.59,Stable,High
2025-01-15,SpiceHub,Paneer Pack,Dairy,202,110.27,20893.52,13725.1,6.2,1266.5,665.93,15657.53,5235.99,5.19,Competitive,Low
2025-01-15,SpiceHub,Mixed Namkeen,Snacks,258,83.6,19972.71,11562.44,7.4,1308.91,503.18,13374.53,6598.18,3.2,Competitive,High
2025-01-15,NutriBest,Basmati Rice,Staples,259,115.68,27384.46,19555.09,8.6,1316.36,911.72,21783.17,5601.29,3.82,Growing,Low
2025-01-15,NutriBest,Masala Noodles,Packaged Food,368,53.03,18519.77,11582.62,5.1,652.85,556.21,12791.68,5728.09,2.8,Growing,Low
2025-01-15,NutriBest,Fruit Juice,Beverages,350,81.3,26918.43,17495.38,5.4,1143.99,545.08,19184.45,7733.98,5.08,Competitive,High
2025-01-15,NutriBest,Potato Chips,Snacks,497,41.71,18884.91,10840.24,8.9,725.04,478.31,12043.59,6841.32,3.75,Stable,High
2025-01-15,NutriBest,Paneer Pack,Dairy,201,128.52,23688.42,16014.59,8.3,1432.85,748.79,18196.23,5492.19,2.93,Growing,Low
2025-01-15,NutriBest,Mixed Namkeen,Snacks,290,93.72,25629.61,16073.74,5.7,1681.48,494.18,18249.4,7380.21,4.75,Competitive,Low
2025-01-15,CrispCo,Basmati Rice,Staples,235,102.43,21663.95,15613.62,10.0,1460.65,702.51,17776.78,3887.17,3.08,Stable,Medium
2025-01-15,CrispCo,Masala Noodles,Packaged Food,393,44.86,16395.88,10640.06,7.0,1139.28,369.05,12148.39,4247.49,4.69,Stable,High
2025-01-15,CrispCo,Fruit Juice,Beverages,323,74.57,22038.79,14264.03,8.5,1281.9,579.03,16124.96,5913.83,3.14,Growing,Low
2025-01-15,CrispCo,Potato Chips,Snacks,524,37.34,18059.57,9275.71,7.7,1001.33,479.45,10756.49,7303.08,4.87,Growing,High
2025-01-15,CrispCo,Paneer Pack,Dairy,208,117.22,22553.13,14942.75,7.5,843.01,736.38,16522.14,6030.99,3.7,Competitive,Low
2025-01-15,CrispCo,Mixed Namkeen,Snacks,302,84.05,24063.18,15085.71,5.2,1318.25,562.56,16966.52,7096.66,3.33,Competitive,High
2025-02-15,FreshBite,Basmati Rice,Staples,224,93.27,19576.25,14148.12,6.3,998.44,661.55,15808.11,3768.14,5.43,Growing,Medium
2025-02-15,FreshBite,Masala Noodles,Packaged Food,386,44.05,15677.04,10940.49,7.8,826.27,317.49,12084.25,3592.79,3.91,Growing,High
2025-02-15,FreshBite,Fruit Juice,Beverages,328,68.89,21059.4,14189.62,6.8,1255.64,598.06,16043.32,5016.08,5.57,Competitive,High
2025-02-15,FreshBite,Potato Chips,Snacks,421,34.89,13352.02,8157.41,9.1,906.1,270.82,9334.33,4017.69,3.3,Growing,High
2025-02-15,FreshBite,Paneer Pack,Dairy,216,109.49,22278.15,15437.5,5.8,1047.09,661.38,17145.97,5132.18,5.22,Competitive,Medium
2025-02-15,FreshBite,Mixed Namkeen,Snacks,256,82.84,19192.37,12509.89,9.5,1228.83,359.85,14098.57,5093.8,3.87,Growing,High
2025-02-15,DailyHarvest,Basmati Rice,Staples,265,106.03,26468.27,18422.57,5.8,1446.01,526.77,20395.35,6072.92,5.46,Competitive,Low
2025-02-15,DailyHarvest,Masala Noodles,Packaged Food,394,49.08,17558.47,11299.01,9.2,692.87,408.07,12399.95,5158.52,5.34,Growing,Medium
2025-02-15,DailyHarvest,Fruit Juice,Beverages,298,73.44,20528.24,13769.48,6.2,1353.73,511.33,15634.54,4893.7,4.61,Growing,Low
2025-02-15,DailyHarvest,Potato Chips,Snacks,519,39.63,18531.74,11257.41,9.9,664.69,565.62,12487.72,6044.02,3.86,Stable,High
2025-02-15,DailyHarvest,Paneer Pack,Dairy,229,117.29,24415.2,18113.37,9.1,946.9,801.47,19861.74,4553.46,5.23,Growing,Low
2025-02-15,DailyHarvest,Mixed Namkeen,Snacks,297,87.78,24167.5,15566.89,7.3,1038.38,444.74,17050.01,7117.49,3.5,Stable,Medium
2025-02-15,SpiceHub,Basmati Rice,Staples,269,91.55,22213.51,16164.44,9.8,1088.21,770.35,18023.0,4190.51,4.39,Growing,Low
2025-02-15,SpiceHub,Masala Noodles,Packaged Food,435,42.93,17498.05,11299.27,6.3,635.86,492.43,12427.56,5070.49,3.9,Stable,High
2025-02-15,SpiceHub,Fruit Juice,Beverages,324,66.67,19462.57,13065.25,9.9,810.67,365.01,14240.93,5221.64,4.13,Competitive,High
2025-02-15,SpiceHub,Potato Chips,Snacks,520,33.16,15570.61,8767.71,9.7,780.02,531.44,10079.17,5491.44,5.39,Competitive,High
2025-02-15,SpiceHub,Paneer Pack,Dairy,213,111.76,21614.83,14667.89,9.2,990.5,539.13,16197.52,5417.31,4.05,Stable,High
2025-02-15,SpiceHub,Mixed Namkeen,Snacks,267,86.48,21450.76,12262.98,7.1,1428.58,610.57,14302.13,7148.63,3.78,Competitive,Low
2025-02-15,NutriBest,Basmati Rice,Staples,249,119.68,27982.5,18728.18,6.1,1294.99,713.84,20737.01,7245.49,4.76,Competitive,Medium
2025-02-15,NutriBest,Masala Noodles,Packaged Food,444,53.88,21578.29,14032.83,9.8,969.57,631.93,15634.33,5943.96,4.61,Growing,Low
2025-02-15,NutriBest,Fruit Juice,Beverages,351,81.01,26700.0,16880.23,6.1,1163.31,696.26,18739.8,7960.2,5.21,Growing,Medium
2025-02-15,NutriBest,Potato Chips,Snacks,510,39.5,18513.26,11464.39,8.1,968.3,410.03,12842.72,5670.54,4.71,Growing,Low
2025-02-15,NutriBest,Paneer Pack,Dairy,242,130.3,29609.11,20028.44,6.1,1517.74,813.54,22359.72,7249.39,5.39,Growing,Medium
2025-02-15,NutriBest,Mixed Namkeen,Snacks,277,96.69,24827.96,15441.21,7.3,1144.7,765.68,17351.59,7476.37,4.15,Competitive,High
2025-02-15,CrispCo,Basmati Rice,Staples,264,98.99,23650.69,16719.43,9.5,1540.9,606.67,18867.0,4783.69,4.95,Competitive,Medium
2025-02-15,CrispCo,Masala Noodles,Packaged Food,456,47.21,19891.65,12268.61,7.6,750.15,454.67,13473.43,6418.22,3.71,Stable,High
2025-02-15,CrispCo,Fruit Juice,Beverages,378,70.82,25324.38,16302.47,5.4,1021.79,547.95,17872.21,7452.17,4.08,Stable,High
2025-02-15,CrispCo,Potato Chips,Snacks,533,37.62,18988.73,9626.32,5.3,1176.22,647.19,11449.73,7539.0,3.05,Competitive,High
2025-02-15,CrispCo,Paneer Pack,Dairy,231,112.19,24620.1,17288.09,5.0,1597.12,842.21,19727.42,4892.68,4.09,Competitive,High
2025-02-15,CrispCo,Mixed Namkeen,Snacks,312,85.13,24435.72,15183.51,8.0,1228.0,451.9,16863.41,7572.31,3.87,Competitive,Medium
2025-03-15,FreshBite,Basmati Rice,Staples,258,100.01,23428.74,16617.34,9.2,1257.99,782.94,18658.27,4770.47,4.89,Competitive,Low
2025-03-15,FreshBite,Masala Noodles,Packaged Food,366,47.16,16035.06,10154.78,7.1,707.23,377.87,11239.88,4795.18,4.53,Stable,High
2025-03-15,FreshBite,Fruit Juice,Beverages,340,72.64,22993.47,14707.19,6.9,1007.79,445.9,16160.88,6832.59,3.4,Competitive,Low
2025-03-15,FreshBite,Potato Chips,Snacks,544,36.0,18271.87,10613.77,6.7,1056.32,563.17,12233.26,6038.61,5.82,Growing,High
2025-03-15,FreshBite,Paneer Pack,Dairy,233,109.06,23352.69,16917.15,8.1,910.84,796.6,18624.59,4728.1,4.56,Stable,Medium
2025-03-15,FreshBite,Mixed Namkeen,Snacks,266,88.17,21576.96,12600.38,8.0,1373.92,742.25,14716.55,6860.41,3.63,Growing,Medium
2025-03-15,DailyHarvest,Basmati Rice,Staples,260,105.4,24800.62,18325.11,9.5,1040.18,696.05,20061.34,4739.28,5.51,Growing,Low
2025-03-15,DailyHarvest,Masala Noodles,Packaged Food,430,49.52,19909.52,12823.3,6.5,1251.67,549.92,14624.89,5284.63,3.46,Competitive,Medium
2025-03-15,DailyHarvest,Fruit Juice,Beverages,346,77.12,25269.29,15270.42,5.3,1255.94,665.43,17191.79,8077.5,4.48,Stable,High
2025-03-15,DailyHarvest,Potato Chips,Snacks,553,37.38,19162.15,11503.47,7.3,1020.6,556.81,13080.88,6081.27,4.95,Competitive,Medium
2025-03-15,DailyHarvest,Paneer Pack,Dairy,225,120.75,24696.39,17313.54,9.1,1076.57,836.93,19227.04,5469.35,4.08,Stable,Low
2025-03-15,DailyHarvest,Mixed Namkeen,Snacks,310,90.65,25909.58,15812.91,7.8,1355.09,609.53,17777.53,8132.05,4.62,Stable,Medium
2025-03-15,SpiceHub,Basmati Rice,Staples,257,95.05,22131.63,15111.08,9.4,782.47,755.07,16648.62,5483.01,3.57,Competitive,Medium
2025-03-15,SpiceHub,Masala Noodles,Packaged Food,428,43.35,16921.07,10900.67,8.8,882.92,532.67,12316.26,4604.81,3.59,Growing,High
2025-03-15,SpiceHub,Fruit Juice,Beverages,340,70.02,22330.78,13288.39,6.2,1214.16,532.45,15035.0,7295.78,5.94,Competitive,Medium
2025-03-15,SpiceHub,Potato Chips,Snacks,515,31.92,15238.77,8701.0,7.3,918.06,356.04,9975.1,5263.67,5.28,Competitive,High
2025-03-15,SpiceHub,Paneer Pack,Dairy,220,109.47,22614.31,15536.35,6.1,1564.49,608.75,17709.59,4904.72,4.09,Growing,Low
2025-03-15,SpiceHub,Mixed Namkeen,Snacks,294,81.77,22405.63,13527.43,6.8,883.46,420.64,14831.53,7574.1,3.49,Stable,High
2025-03-15,NutriBest,Basmati Rice,Staples,299,119.34,32756.68,21819.67,8.2,1160.55,747.96,23728.18,9028.5,4.59,Stable,Low
2025-03-15,NutriBest,Masala Noodles,Packaged Food,485,54.47,24753.62,14837.22,6.3,922.99,652.5,16412.71,8340.91,4.85,Competitive,Low
2025-03-15,NutriBest,Fruit Juice,Beverages,334,86.54,26274.06,16122.32,9.1,1147.83,722.2,17992.35,8281.71,4.43,Competitive,High
2025-03-15,NutriBest,Potato Chips,Snacks,519,40.42,19383.65,11492.94,7.6,1261.99,675.14,13430.07,5953.58,4.14,Competitive,Low
2025-03-15,NutriBest,Paneer Pack,Dairy,248,131.91,29867.59,19936.68,8.7,1265.96,872.95,22075.59,7792.0,3.76,Growing,High
2025-03-15,NutriBest,Mixed Namkeen,Snacks,290,96.0,26448.0,16199.28,5.0,1195.29,580.14,17974.71,8473.29,5.19,Competitive,Medium
2025-03-15,CrispCo,Basmati Rice,Staples,259,97.39,23660.12,17031.42,6.2,1316.51,749.23,19097.16,4562.96,3.86,Growing,High
2025-03-15,CrispCo,Masala Noodles,Packaged Food,433,45.72,18668.34,11556.95,5.7,692.36,587.58,12836.89,5831.45,4.9,Competitive,High
2025-03-15,CrispCo,Fruit Juice,Beverages,402,72.88,27188.32,17255.67,7.2,1334.61,615.22,19205.5,7982.82,4.75,Stable,Low
2025-03-15,CrispCo,Potato Chips,Snacks,579,37.3,19566.61,10591.07,9.4,702.54,428.35,11721.96,7844.65,5.1,Competitive,High
2025-03-15,CrispCo,Paneer Pack,Dairy,255,116.35,28156.12,19160.15,5.1,1553.33,872.08,21585.56,6570.56,3.81,Competitive,High
2025-03-15,CrispCo,Mixed Namkeen,Snacks,324,91.14,27639.48,15973.69,6.4,1755.07,952.84,18681.6,8957.88,4.57,Stable,Medium
2025-04-15,FreshBite,Basmati Rice,Staples,244,93.53,21566.15,15199.08,5.5,1128.8,631.11,16958.99,4607.16,4.74,Competitive,Low
2025-04-15,FreshBite,Masala Noodles,Packaged Food,406,44.96,17049.01,11802.38,6.6,837.89,456.03,13096.3,3952.71,6.27,Competitive,High
2025-04-15,FreshBite,Fruit Juice,Beverages,356,68.24,22520.02,15118.06,7.3,1278.96,596.2,16993.22,5526.8,4.85,Growing,Low
2025-04-15,FreshBite,Potato Chips,Snacks,483,34.86,15877.65,9478.47,5.7,825.08,293.59,10597.14,5280.51,5.34,Growing,High
2025-04-15,FreshBite,Paneer Pack,Dairy,233,106.84,23250.73,16851.15,6.6,996.63,751.09,18598.87,4651.86,3.99,Growing,High
2025-04-15,FreshBite,Mixed Namkeen,Snacks,312,87.93,25376.6,15133.73,7.5,1131.03,816.88,17081.64,8294.96,6.25,Growing,Medium
2025-04-15,DailyHarvest,Basmati Rice,Staples,265,110.56,27276.81,18209.11,6.9,1794.17,891.64,20894.92,6381.89,4.42,Stable,Medium
2025-04-15,DailyHarvest,Masala Noodles,Packaged Food,462,50.1,21410.24,13357.41,7.5,973.08,599.01,14929.5,6480.74,6.3,Stable,Low
2025-04-15,DailyHarvest,Fruit Juice,Beverages,340,74.99,23609.85,15694.32,7.4,1138.05,799.39,17631.76,5978.09,5.96,Competitive,Low
2025-04-15,DailyHarvest,Potato Chips,Snacks,534,39.51,19790.24,11019.09,6.2,1208.48,593.49,12821.06,6969.18,5.81,Stable,High
2025-04-15,DailyHarvest,Paneer Pack,Dairy,246,116.08,26185.56,19659.7,8.3,1032.2,901.07,21592.97,4592.59,4.56,Growing,Medium
2025-04-15,DailyHarvest,Mixed Namkeen,Snacks,279,85.48,21559.42,14067.49,9.6,1411.77,743.57,16222.83,5336.59,3.89,Stable,Medium
2025-04-15,SpiceHub,Basmati Rice,Staples,279,89.91,23328.95,16456.29,7.0,1367.14,631.55,18454.98,4873.97,6.18,Competitive,High
2025-04-15,SpiceHub,Masala Noodles,Packaged Food,474,42.79,18781.56,12052.01,7.4,811.68,556.59,13420.28,5361.28,4.45,Growing,High
2025-04-15,SpiceHub,Fruit Juice,Beverages,374,66.56,23101.11,14848.91,7.2,1514.05,590.06,16953.02,6148.09,5.5,Growing,Low
2025-04-15,SpiceHub,Potato Chips,Snacks,526,32.07,15974.77,8994.23,5.3,695.65,399.45,10089.33,5885.44,5.47,Growing,High
2025-04-15,SpiceHub,Paneer Pack,Dairy,225,113.22,24098.88,15791.76,5.4,1046.59,807.75,17646.1,6452.78,4.07,Stable,High
2025-04-15,SpiceHub,Mixed Namkeen,Snacks,299,79.61,22303.78,13835.48,6.3,1484.15,658.39,15978.02,6325.76,4.11,Stable,Medium
2025-04-15,NutriBest,Basmati Rice,Staples,309,121.51,35106.06,23355.76,6.5,1790.03,812.22,25958.01,9148.05,6.3,Stable,Low
2025-04-15,NutriBest,Masala Noodles,Packaged Food,431,53.13,21090.01,13889.58,7.9,956.08,730.24,15575.9,5514.11,5.41,Stable,Low
2025-04-15,NutriBest,Fruit Juice,Beverages,373,85.04,29055.45,17965.24,8.4,1633.62,768.35,20367.21,8688.24,6.05,Stable,Low
2025-04-15,NutriBest,Potato Chips,Snacks,576,41.09,22058.43,12890.64,6.8,1295.31,667.4,14853.35,7205.08,5.41,Growing,High
2025-04-15,NutriBest,Paneer Pack,Dairy,229,121.69,25609.78,19055.7,8.1,926.25,619.82,20601.77,5008.01,4.04,Stable,Medium
2025-04-15,NutriBest,Mixed Namkeen,Snacks,341,93.28,29931.78,18986.9,5.9,2065.36,808.89,21861.15,8070.63,6.08,Growing,Medium
2025-04-15,CrispCo,Basmati Rice,Staples,315,103.59,29465.66,20113.8,9.7,1928.94,933.24,22975.98,6489.68,4.92,Growing,Low
2025-04-15,CrispCo,Masala Noodles,Packaged Food,494,47.42,21996.53,13610.95,6.1,1075.84,712.2,15398.99,6597.54,5.15,Growing,High
2025-04-15,CrispCo,Fruit Juice,Beverages,403,73.32,28041.01,17455.28,5.1,1641.77,825.24,19922.29,8118.72,5.22,Competitive,Medium
2025-04-15,CrispCo,Potato Chips,Snacks,537,35.0,17629.71,9985.5,6.2,963.45,591.64,11540.59,6089.12,4.28,Growing,High
2025-04-15,CrispCo,Paneer Pack,Dairy,264,115.71,28317.48,19637.29,7.3,1106.75,531.54,21275.58,7041.9,3.8,Stable,Low
2025-04-15,CrispCo,Mixed Namkeen,Snacks,309,84.47,23647.71,15250.3,9.4,1382.61,724.41,17357.32,6290.39,6.16,Stable,High
2025-05-15,FreshBite,Basmati Rice,Staples,275,95.7,24791.08,16810.3,5.8,1292.29,618.24,18720.83,6070.25,6.52,Seasonal,Low
2025-05-15,FreshBite,Masala Noodles,Packaged Food,440,45.45,18778.12,12248.13,6.1,895.6,651.15,13794.88,4983.24,5.01,Seasonal,High
2025-05-15,FreshBite,Fruit Juice,Beverages,371,68.28,23254.67,15528.29,8.2,1601.95,793.76,17924.0,5330.67,6.19,Seasonal,Low
2025-05-15,FreshBite,Potato Chips,Snacks,542,35.83,17827.43,10105.24,8.2,1114.89,394.71,11614.84,6212.59,4.38,Seasonal,High
2025-05-15,FreshBite,Paneer Pack,Dairy,235,114.28,25432.44,16791.91,5.3,1082.36,833.8,18708.07,6724.37,4.9,Seasonal,Low
2025-05-15,FreshBite,Mixed Namkeen,Snacks,320,84.57,24897.41,15959.68,8.0,1731.95,676.8,18368.43,6528.98,6.13,Seasonal,Low
2025-05-15,DailyHarvest,Basmati Rice,Staples,281,101.99,27197.57,19631.54,5.1,1178.41,639.25,21449.2,5748.37,4.5,Seasonal,Low
2025-05-15,DailyHarvest,Masala Noodles,Packaged Food,407,47.05,17789.75,11611.95,7.1,901.76,429.71,12943.42,4846.33,5.59,Seasonal,Medium
2025-05-15,DailyHarvest,Fruit Juice,Beverages,356,73.04,23480.02,16452.44,9.7,1534.29,630.78,18617.51,4862.51,5.24,Seasonal,Low
2025-05-15,DailyHarvest,Potato Chips,Snacks,497,38.23,17594.29,10657.91,7.4,917.71,588.79,12164.41,5429.88,4.24,Seasonal,Low
2025-05-15,DailyHarvest,Paneer Pack,Dairy,232,115.8,25334.26,18175.89,5.7,1405.74,762.73,20344.36,4989.9,5.04,Seasonal,High
2025-05-15,DailyHarvest,Mixed Namkeen,Snacks,316,90.15,26407.82,15889.58,7.3,1572.91,858.19,18320.68,8087.14,5.74,Seasonal,High
2025-05-15,SpiceHub,Basmati Rice,Staples,294,92.98,25668.62,17236.89,6.1,1202.9,659.93,19099.72,6568.9,5.13,Seasonal,Low
2025-05-15,SpiceHub,Masala Noodles,Packaged Food,439,41.7,17098.08,11383.44,6.6,1009.45,445.62,12838.51,4259.57,4.29,Seasonal,High
2025-05-15,SpiceHub,Fruit Juice,Beverages,338,70.52,22119.59,13213.09,7.2,874.92,420.71,14508.72,7610.87,6.54,Seasonal,High
2025-05-15,SpiceHub,Potato Chips,Snacks,545,32.06,16494.23,9449.56,5.6,1010.44,540.31,11000.31,5493.92,5.92,Seasonal,High
2025-05-15,SpiceHub,Paneer Pack,Dairy,273,108.18,27170.49,19113.44,8.0,1153.27,792.41,21059.12,6111.37,4.63,Seasonal,Low
2025-05-15,SpiceHub,Mixed Namkeen,Snacks,316,80.39,23421.79,14173.27,7.8,1005.16,592.45,15770.88,7650.91,5.51,Seasonal,High
2025-05-15,NutriBest,Basmati Rice,Staples,298,111.82,30589.93,22840.25,8.2,1958.71,689.7,25488.66,5101.27,4.52,Seasonal,High
2025-05-15,NutriBest,Masala Noodles,Packaged Food,496,52.08,23351.84,15235.84,9.6,934.4,681.29,16851.53,6500.31,4.23,Seasonal,High
2025-05-15,NutriBest,Fruit Juice,Beverages,392,85.05,31605.94,19071.78,5.2,1570.63,752.07,21394.48,10211.46,5.01,Seasonal,High
2025-05-15,NutriBest,Potato Chips,Snacks,563,40.95,20818.53,12794.74,9.7,842.01,641.74,14278.49,6540.04,4.18,Seasonal,Low
2025-05-15,NutriBest,Paneer Pack,Dairy,246,126.71,28583.5,20055.97,8.3,1273.7,881.34,22211.01,6372.49,4.35,Seasonal,Medium
2025-05-15,NutriBest,Mixed Namkeen,Snacks,310,97.22,27606.59,17248.05,8.4,1264.23,600.41,19112.69,8493.9,6.61,Seasonal,Low
2025-05-15,CrispCo,Basmati Rice,Staples,272,96.92,24648.69,17203.18,6.5,1083.14,581.17,18867.49,5781.2,4.07,Seasonal,High
2025-05-15,CrispCo,Masala Noodles,Packaged Food,480,46.82,21215.08,12879.73,5.6,1157.4,622.81,14659.94,6555.14,4.97,Seasonal,High
2025-05-15,CrispCo,Fruit Juice,Beverages,386,72.67,25610.22,16723.9,8.7,966.15,597.28,18287.33,7322.89,5.17,Seasonal,Medium
2025-05-15,CrispCo,Potato Chips,Snacks,629,35.29,20621.39,11109.73,7.1,956.15,652.1,12717.98,7903.41,5.66,Seasonal,High
2025-05-15,CrispCo,Paneer Pack,Dairy,284,109.53,28120.29,21367.83,9.6,1223.68,787.67,23379.18,4741.11,5.41,Seasonal,Medium
2025-05-15,CrispCo,Mixed Namkeen,Snacks,374,85.13,29068.66,18816.17,8.7,1095.11,836.15,20747.43,8321.23,5.43,Seasonal,Low
2025-06-15,FreshBite,Basmati Rice,Staples,293,98.37,26891.31,18695.3,6.7,1708.31,592.05,20995.66,5895.65,4.78,Seasonal,Low
2025-06-15,FreshBite,Masala Noodles,Packaged Food,410,46.72,18044.2,11302.3,5.8,1232.33,517.42,13052.05,4992.15,5.61,Seasonal,High
2025-06-15,FreshBite,Fruit Juice,Beverages,360,72.19,23935.32,15617.79,7.9,1376.39,832.26,17826.44,6108.88,5.24,Seasonal,High
2025-06-15,FreshBite,Potato Chips,Snacks,523,35.43,17195.74,10114.7,7.2,1081.12,482.41,11678.23,5517.51,5.32,Seasonal,High
2025-06-15,FreshBite,Paneer Pack,Dairy,220,107.07,21835.86,15873.65,7.3,983.66,632.35,17489.66,4346.2,6.94,Seasonal,Low
2025-06-15,FreshBite,Mixed Namkeen,Snacks,320,85.99,25453.04,15563.66,7.5,1596.25,845.8,18005.71,7447.33,5.57,Seasonal,High
2025-06-15,DailyHarvest,Basmati Rice,Staples,290,106.34,28803.25,19504.1,6.6,1070.49,569.14,21143.73,7659.52,6.74,Seasonal,Medium
2025-06-15,DailyHarvest,Masala Noodles,Packaged Food,499,49.35,23295.86,14215.57,5.4,1392.32,811.79,16419.68,6876.18,5.76,Seasonal,High
2025-06-15,DailyHarvest,Fruit Juice,Beverages,343,74.66,23841.4,15504.86,6.9,1116.8,671.47,17293.13,6548.27,6.45,Seasonal,High
2025-06-15,DailyHarvest,Potato Chips,Snacks,545,38.77,19735.09,11481.55,6.6,864.79,640.93,12987.27,6747.82,6.91,Seasonal,High
2025-06-15,DailyHarvest,Paneer Pack,Dairy,268,120.65,30167.81,20398.39,6.7,1425.24,1039.31,22862.94,7304.87,6.22,Seasonal,Medium
2025-06-15,DailyHarvest,Mixed Namkeen,Snacks,301,86.03,23693.95,15558.78,8.5,1362.93,558.8,17480.51,6213.44,4.73,Seasonal,High
2025-06-15,SpiceHub,Basmati Rice,Staples,311,94.92,26951.87,18561.55,8.7,1552.72,679.13,20793.4,6158.47,5.34,Seasonal,Medium
2025-06-15,SpiceHub,Masala Noodles,Packaged Food,453,42.03,17173.71,11619.1,9.8,716.49,601.07,12936.66,4237.05,4.8,Seasonal,High
2025-06-15,SpiceHub,Fruit Juice,Beverages,366,69.07,23029.73,14450.8,8.9,1401.42,620.68,16472.9,6556.83,6.12,Seasonal,High
2025-06-15,SpiceHub,Potato Chips,Snacks,541,31.51,15870.67,9471.81,6.9,983.8,503.95,10959.56,4911.11,4.83,Seasonal,High
2025-06-15,SpiceHub,Paneer Pack,Dairy,255,111.33,26373.52,17493.86,7.1,1333.1,602.47,19429.43,6944.09,6.35,Seasonal,Medium
2025-06-15,SpiceHub,Mixed Namkeen,Snacks,319,86.67,25933.57,14743.48,6.2,1728.19,552.34,17024.01,8909.56,6.16,Seasonal,High
2025-06-15,NutriBest,Basmati Rice,Staples,331,114.47,35123.63,24565.34,7.3,1877.75,1209.19,27652.28,7471.35,6.52,Seasonal,High
2025-06-15,NutriBest,Masala Noodles,Packaged Food,452,53.44,22633.12,14466.65,6.3,1231.44,446.87,16144.96,6488.16,6.6,Seasonal,Low
2025-06-15,NutriBest,Fruit Juice,Beverages,378,81.55,28113.22,19157.64,8.8,1128.95,715.12,21001.71,7111.51,6.86,Seasonal,Low
2025-06-15,NutriBest,Potato Chips,Snacks,642,42.15,24516.63,14193.12,9.4,1198.27,597.16,15988.55,8528.08,5.4,Seasonal,Low
2025-06-15,NutriBest,Paneer Pack,Dairy,260,131.72,32500.59,21699.18,5.1,1876.86,1022.26,24598.3,7902.29,4.76,Seasonal,Medium
2025-06-15,NutriBest,Mixed Namkeen,Snacks,377,99.26,34651.86,21264.37,7.4,1781.76,986.22,24032.35,10619.51,6.76,Seasonal,Low
2025-06-15,CrispCo,Basmati Rice,Staples,297,99.9,26940.63,19457.24,9.2,1440.57,535.85,21433.66,5506.97,5.15,Seasonal,Medium
2025-06-15,CrispCo,Masala Noodles,Packaged Food,466,47.27,20662.1,12800.53,6.2,768.59,665.81,14234.93,6427.17,5.7,Seasonal,High
2025-06-15,CrispCo,Fruit Juice,Beverages,411,73.57,27757.81,18081.47,8.2,1254.5,500.38,19836.35,7921.46,5.32,Seasonal,High
2025-06-15,CrispCo,Potato Chips,Snacks,614,35.2,19818.94,11477.27,8.3,740.61,533.98,12751.86,7067.08,5.72,Seasonal,High
2025-06-15,CrispCo,Paneer Pack,Dairy,303,112.58,31451.02,22300.56,7.8,1800.52,1090.65,25191.73,6259.29,5.06,Seasonal,Low
2025-06-15,CrispCo,Mixed Namkeen,Snacks,350,85.29,28269.37,17483.16,5.3,1092.0,788.5,19363.66,8905.71,6.37,Seasonal,Low
2025-07-15,FreshBite,Basmati Rice,Staples,230,99.11,21040.06,14124.61,7.7,1310.16,544.91,15979.68,5060.38,6.56,Competitive,Low
2025-07-15,FreshBite,Masala Noodles,Packaged Food,434,46.79,19230.6,12242.66,5.3,870.58,360.47,13473.71,5756.89,5.27,Growing,High
2025-07-15,FreshBite,Fruit Juice,Beverages,318,70.41,20912.61,13742.31,6.6,1078.44,389.45,15210.2,5702.41,6.43,Stable,Medium
2025-07-15,FreshBite,Potato Chips,Snacks,543,36.02,18541.8,10279.79,5.2,1167.71,471.48,11918.98,6622.82,5.79,Stable,High
2025-07-15,FreshBite,Paneer Pack,Dairy,241,116.34,26103.32,17521.57,6.9,1368.16,880.03,19769.76,6333.56,6.1,Growing,High
2025-07-15,FreshBite,Mixed Namkeen,Snacks,287,90.06,23986.22,13649.64,7.2,1086.14,473.59,15209.37,8776.85,5.6,Stable,Medium
2025-07-15,DailyHarvest,Basmati Rice,Staples,259,103.42,24482.2,17728.85,8.6,1240.01,743.18,19712.04,4770.16,7.12,Competitive,Medium
2025-07-15,DailyHarvest,Masala Noodles,Packaged Food,405,50.65,18482.44,11562.98,9.9,1059.28,446.84,13069.1,5413.34,6.83,Competitive,Low
2025-07-15,DailyHarvest,Fruit Juice,Beverages,374,76.85,27103.61,17282.37,5.7,981.64,518.84,18782.85,8320.76,6.77,Stable,Medium
2025-07-15,DailyHarvest,Potato Chips,Snacks,512,38.93,18377.45,10975.04,7.8,1253.5,447.02,12675.56,5701.89,6.73,Competitive,Low
2025-07-15,DailyHarvest,Paneer Pack,Dairy,233,121.36,26297.5,17850.88,7.0,1024.83,802.24,19677.95,6619.55,6.05,Stable,High
2025-07-15,DailyHarvest,Mixed Namkeen,Snacks,279,90.94,23114.13,14127.61,8.9,1304.0,688.75,16120.36,6993.77,7.35,Growing,Low
2025-07-15,SpiceHub,Basmati Rice,Staples,252,90.67,21615.0,15207.02,5.4,1510.98,686.9,17404.9,4210.1,7.27,Stable,High
2025-07-15,SpiceHub,Masala Noodles,Packaged Food,426,42.79,17262.43,11006.56,5.3,1118.57,519.61,12644.74,4617.69,7.16,Competitive,High
2025-07-15,SpiceHub,Fruit Juice,Beverages,332,67.33,20833.52,13454.37,6.8,1306.73,458.85,15219.95,5613.57,6.03,Stable,High
2025-07-15,SpiceHub,Potato Chips,Snacks,551,33.87,17300.02,9252.59,7.3,1140.91,330.74,10724.24,6575.78,5.79,Competitive,High
2025-07-15,SpiceHub,Paneer Pack,Dairy,251,112.24,26031.15,17828.18,7.6,978.28,898.87,19705.33,6325.82,6.42,Stable,Medium
2025-07-15,SpiceHub,Mixed Namkeen,Snacks,325,86.02,26083.41,15017.18,6.7,1497.0,550.19,17064.37,9019.04,7.26,Stable,High
2025-07-15,NutriBest,Basmati Rice,Staples,304,112.84,32485.28,22252.61,5.3,1324.2,762.92,24339.73,8145.55,6.59,Stable,High
2025-07-15,NutriBest,Masala Noodles,Packaged Food,490,51.61,22962.32,15464.99,9.2,1246.38,462.18,17173.55,5788.77,5.54,Competitive,Low
2025-07-15,NutriBest,Fruit Juice,Beverages,368,86.49,29982.28,17838.19,5.8,1740.64,906.99,20485.82,9496.46,6.32,Competitive,Low
2025-07-15,NutriBest,Potato Chips,Snacks,599,38.96,22146.85,13421.62,5.1,1222.22,643.79,15287.63,6859.22,6.74,Stable,High
2025-07-15,NutriBest,Paneer Pack,Dairy,255,128.31,30265.12,20600.89,7.5,2072.64,793.25,23466.78,6798.34,6.84,Competitive,Medium
2025-07-15,NutriBest,Mixed Namkeen,Snacks,311,92.66,27261.13,17214.07,5.4,1416.18,585.25,19215.5,8045.63,6.33,Stable,High
2025-07-15,CrispCo,Basmati Rice,Staples,280,98.11,24751.19,17990.3,9.9,1525.25,662.21,20177.76,4573.43,5.03,Growing,Medium
2025-07-15,CrispCo,Masala Noodles,Packaged Food,434,45.2,18204.39,11519.22,7.2,1239.51,595.12,13353.85,4850.54,5.84,Growing,High
2025-07-15,CrispCo,Fruit Juice,Beverages,404,74.51,27182.14,17222.43,9.7,1102.97,949.51,19274.91,7907.23,5.96,Stable,Medium
2025-07-15,CrispCo,Potato Chips,Snacks,526,36.56,17365.2,9827.8,9.7,738.54,416.75,10983.09,6382.11,4.88,Stable,High
2025-07-15,CrispCo,Paneer Pack,Dairy,262,115.42,27457.96,19071.39,9.2,968.89,544.42,20584.7,6873.26,5.1,Stable,High
2025-07-15,CrispCo,Mixed Namkeen,Snacks,326,83.77,25397.39,15703.55,7.0,1388.31,613.67,17705.53,7691.86,5.5,Stable,High
2025-08-15,FreshBite,Basmati Rice,Staples,262,99.21,23991.56,16526.56,7.7,1352.8,484.32,18363.68,5627.88,5.35,Stable,Medium
2025-08-15,FreshBite,Masala Noodles,Packaged Food,432,44.23,17808.06,12291.32,6.8,873.46,332.73,13497.51,4310.55,5.2,Competitive,High
2025-08-15,FreshBite,Fruit Juice,Beverages,334,70.78,21891.12,14257.72,7.4,1161.16,516.09,15934.97,5956.15,6.69,Growing,Medium
2025-08-15,FreshBite,Potato Chips,Snacks,581,34.89,18507.51,11041.01,8.7,1184.3,500.62,12725.93,5781.58,6.94,Stable,High
2025-08-15,FreshBite,Paneer Pack,Dairy,233,109.98,24318.45,16550.8,5.1,1205.68,564.93,18321.41,5997.04,7.44,Competitive,High
2025-08-15,FreshBite,Mixed Namkeen,Snacks,276,89.85,22963.5,13605.35,7.4,1427.54,638.84,15671.73,7291.77,6.98,Competitive,Medium
2025-08-15,DailyHarvest,Basmati Rice,Staples,256,107.71,25340.29,17938.42,8.1,1017.97,749.37,19705.76,5634.53,5.18,Competitive,Low
2025-08-15,DailyHarvest,Masala Noodles,Packaged Food,416,48.37,18673.14,12121.64,7.2,786.82,495.42,13403.88,5269.26,6.69,Stable,High
2025-08-15,DailyHarvest,Fruit Juice,Beverages,375,76.25,26163.28,17105.4,8.5,1829.71,683.71,19618.82,6544.46,6.08,Growing,Medium
2025-08-15,DailyHarvest,Potato Chips,Snacks,594,38.07,21098.47,12802.31,6.7,1270.81,610.51,14683.63,6414.84,6.9,Competitive,Medium
2025-08-15,DailyHarvest,Paneer Pack,Dairy,228,120.39,25747.09,17441.75,6.2,1777.88,593.71,19813.34,5933.75,5.85,Growing,High
2025-08-15,DailyHarvest,Mixed Namkeen,Snacks,329,88.12,27078.04,17383.41,6.6,1701.56,613.28,19698.25,7379.79,5.42,Competitive,High
2025-08-15,SpiceHub,Basmati Rice,Staples,277,96.02,23964.38,16952.21,9.9,1513.63,549.69,19015.53,4948.85,5.85,Competitive,Low
2025-08-15,SpiceHub,Masala Noodles,Packaged Food,445,41.71,17224.56,11222.29,7.2,724.68,467.75,12414.72,4809.84,7.53,Competitive,High
2025-08-15,SpiceHub,Fruit Juice,Beverages,355,70.49,23647.63,13766.87,5.5,869.68,789.55,15426.1,8221.53,5.69,Growing,Low
2025-08-15,SpiceHub,Potato Chips,Snacks,523,32.4,15809.87,9076.57,6.7,629.41,543.81,10249.79,5560.08,7.64,Growing,High
2025-08-15,SpiceHub,Paneer Pack,Dairy,247,113.3,25270.55,17190.37,9.7,1060.88,868.97,19120.22,6150.33,5.94,Competitive,Low
2025-08-15,SpiceHub,Mixed Namkeen,Snacks,355,83.78,28135.84,16168.44,5.4,1696.85,954.46,18819.75,9316.09,7.47,Growing,Medium
2025-08-15,NutriBest,Basmati Rice,Staples,316,121.07,36000.89,24315.39,5.9,1760.26,951.2,27026.85,8974.04,7.54,Stable,Low
2025-08-15,NutriBest,Masala Noodles,Packaged Food,428,50.94,20101.74,13785.18,7.8,903.77,699.84,15388.79,4712.95,6.51,Stable,Low
2025-08-15,NutriBest,Fruit Juice,Beverages,412,80.96,30920.57,19920.69,7.3,1258.07,797.8,21976.56,8944.01,5.77,Growing,Low
2025-08-15,NutriBest,Potato Chips,Snacks,616,40.84,22893.27,13896.72,9.0,941.88,745.28,15583.88,7309.39,7.43,Stable,High
2025-08-15,NutriBest,Paneer Pack,Dairy,251,122.32,28553.16,21121.9,7.0,1476.51,968.21,23566.62,4986.54,5.12,Stable,Low
2025-08-15,NutriBest,Mixed Namkeen,Snacks,336,94.97,29899.6,18756.23,6.3,1645.99,671.14,21073.36,8826.24,6.03,Growing,Low
2025-08-15,CrispCo,Basmati Rice,Staples,314,96.47,28080.29,20521.32,7.3,1890.05,929.25,23340.62,4739.67,7.1,Competitive,Low
2025-08-15,CrispCo,Masala Noodles,Packaged Food,505,46.14,21040.53,13542.98,9.7,1441.44,549.77,15534.19,5506.34,6.28,Competitive,High
2025-08-15,CrispCo,Fruit Juice,Beverages,387,75.75,26823.45,17064.36,8.5,1691.75,859.3,19615.41,7208.04,7.08,Competitive,High
2025-08-15,CrispCo,Potato Chips,Snacks,654,36.37,22501.54,12033.64,5.4,849.06,620.84,13503.54,8998.0,5.26,Competitive,High
2025-08-15,CrispCo,Paneer Pack,Dairy,290,114.05,31090.03,20955.6,6.0,2017.96,793.15,23766.71,7323.32,6.87,Competitive,High
2025-08-15,CrispCo,Mixed Namkeen,Snacks,350,86.87,27516.07,16864.25,9.5,1090.13,689.61,18643.99,8872.08,6.57,Competitive,Medium
2025-09-15,FreshBite,Basmati Rice,Staples,291,92.34,25124.33,17956.62,6.5,882.0,545.31,19383.93,5740.4,5.64,Stable,Medium
2025-09-15,FreshBite,Masala Noodles,Packaged Food,473,43.89,19161.45,13689.7,7.7,1332.0,498.68,15520.38,3641.07,6.2,Growing,High
2025-09-15,FreshBite,Fruit Juice,Beverages,388,74.06,26206.58,16601.6,8.8,1302.8,914.05,18818.45,7388.13,6.44,Stable,Medium
2025-09-15,FreshBite,Potato Chips,Snacks,516,36.7,17081.35,9686.15,9.8,1112.17,341.91,11140.23,5941.12,8.03,Stable,High
2025-09-15,FreshBite,Paneer Pack,Dairy,250,108.9,24883.65,17643.75,8.6,890.73,574.12,19108.6,5775.05,7.2,Competitive,Medium
2025-09-15,FreshBite,Mixed Namkeen,Snacks,327,84.34,25069.47,15708.08,9.1,1119.3,850.76,17678.14,7391.33,7.34,Growing,Low
2025-09-15,DailyHarvest,Basmati Rice,Staples,310,109.09,31416.83,21776.18,7.1,1116.79,675.57,23568.54,7848.29,5.71,Growing,Medium
2025-09-15,DailyHarvest,Masala Noodles,Packaged Food,481,46.77,20584.18,14289.81,8.5,1010.26,452.52,15752.59,4831.59,6.01,Growing,Low
2025-09-15,DailyHarvest,Fruit Juice,Beverages,382,78.26,27982.02,17600.69,6.4,1291.7,788.1,19680.49,8301.53,7.2,Stable,Low
2025-09-15,DailyHarvest,Potato Chips,Snacks,561,39.12,20695.38,11701.63,5.7,942.0,393.96,13037.59,7657.79,7.92,Competitive,Low
2025-09-15,DailyHarvest,Paneer Pack,Dairy,265,119.72,29473.27,21187.27,7.1,2002.87,866.89,24057.03,5416.24,7.49,Stable,High
2025-09-15,DailyHarvest,Mixed Namkeen,Snacks,331,88.34,27573.83,17307.5,5.7,1422.07,894.46,19624.03,7949.8,6.23,Competitive,Low
2025-09-15,SpiceHub,Basmati Rice,Staples,321,93.9,27248.28,19659.95,9.6,1485.17,552.58,21697.7,5550.58,6.08,Growing,Medium
2025-09-15,SpiceHub,Masala Noodles,Packaged Food,503,43.94,19980.05,12393.26,9.6,1206.01,424.34,14023.61,5956.44,6.15,Competitive,High
2025-09-15,SpiceHub,Fruit Juice,Beverages,404,66.41,25434.5,16201.56,5.2,1413.28,748.15,18362.99,7071.51,6.01,Growing,Medium
2025-09-15,SpiceHub,Potato Chips,Snacks,581,31.65,16641.73,9792.07,9.5,1014.34,510.85,11317.26,5324.47,7.41,Growing,High
2025-09-15,SpiceHub,Paneer Pack,Dairy,278,108.62,27629.67,19073.81,8.5,1278.05,630.29,20982.15,6647.52,6.66,Competitive,Medium
2025-09-15,SpiceHub,Mixed Namkeen,Snacks,335,86.06,26869.65,15195.0,6.8,1695.44,813.64,17704.08,9165.57,7.43,Stable,Low
2025-09-15,NutriBest,Basmati Rice,Staples,305,117.37,33256.2,22418.25,7.1,1333.82,746.04,24498.11,8758.09,7.88,Competitive,High
2025-09-15,NutriBest,Masala Noodles,Packaged Food,497,51.98,24335.68,15449.99,5.8,1561.56,644.61,17656.16,6679.52,7.15,Competitive,Medium
2025-09-15,NutriBest,Fruit Juice,Beverages,389,86.67,30646.6,19413.66,9.1,1598.86,639.29,21651.81,8994.79,7.52,Growing,Low
2025-09-15,NutriBest,Potato Chips,Snacks,654,42.1,25495.93,14568.26,7.4,1465.08,484.38,16517.72,8978.21,5.54,Growing,High
2025-09-15,NutriBest,Paneer Pack,Dairy,252,122.8,29398.32,20776.19,5.0,1098.88,604.65,22479.72,6918.6,6.02,Stable,Medium
2025-09-15,NutriBest,Mixed Namkeen,Snacks,329,100.13,30241.46,18724.07,8.2,1756.27,552.43,21032.77,9208.69,6.83,Stable,Low
2025-09-15,CrispCo,Basmati Rice,Staples,292,99.79,26632.75,18635.7,8.6,1400.29,795.35,20831.34,5801.41,6.57,Growing,Low
2025-09-15,CrispCo,Masala Noodles,Packaged Food,566,45.62,23858.53,15544.65,7.6,1045.83,573.21,17163.69,6694.84,7.52,Growing,High
2025-09-15,CrispCo,Fruit Juice,Beverages,412,73.5,28162.26,18414.26,7.0,1208.3,834.41,20456.97,7705.29,7.65,Competitive,High
2025-09-15,CrispCo,Potato Chips,Snacks,681,36.15,23264.15,12419.34,5.5,859.94,422.49,13701.77,9562.38,5.9,Stable,High
2025-09-15,CrispCo,Paneer Pack,Dairy,306,111.98,31456.08,23201.13,8.2,2173.12,1044.7,26418.95,5037.13,7.84,Growing,Low
2025-09-15,CrispCo,Mixed Namkeen,Snacks,403,87.81,32379.5,19673.26,8.5,2180.62,959.58,22813.46,9566.04,6.18,Competitive,High
2025-10-15,FreshBite,Basmati Rice,Staples,313,99.42,28660.1,19036.11,7.9,1210.9,586.14,20833.15,7826.95,7.93,High Demand,Medium
2025-10-15,FreshBite,Masala Noodles,Packaged Food,533,45.93,22399.83,15132.96,8.5,1449.95,661.01,17243.92,5155.91,7.21,High Demand,High
2025-10-15,FreshBite,Fruit Juice,Beverages,388,72.88,25251.75,16644.06,10.7,953.13,774.54,18371.73,6880.02,6.7,High Demand,Low
2025-10-15,FreshBite,Potato Chips,Snacks,600,35.02,18658.66,11698.0,11.2,1276.63,461.69,13436.32,5222.34,7.81,High Demand,High
2025-10-15,FreshBite,Paneer Pack,Dairy,243,116.53,25938.18,17661.1,8.4,1230.85,881.88,19773.83,6164.35,6.92,High Demand,High
2025-10-15,FreshBite,Mixed Namkeen,Snacks,356,88.36,28656.56,17049.09,8.9,1250.16,551.63,18850.88,9805.68,6.5,High Demand,Medium
2025-10-15,DailyHarvest,Basmati Rice,Staples,328,108.84,32058.17,22281.71,10.2,1241.59,579.88,24103.18,7954.99,6.6,High Demand,Medium
2025-10-15,DailyHarvest,Masala Noodles,Packaged Food,535,46.94,23229.43,15605.9,7.5,1265.88,620.49,17492.27,5737.16,6.07,High Demand,Low
2025-10-15,DailyHarvest,Fruit Juice,Beverages,400,76.79,28412.3,17990.38,7.5,1377.52,652.39,20020.29,8392.01,6.81,High Demand,Low
2025-10-15,DailyHarvest,Potato Chips,Snacks,658,40.26,23894.95,13742.89,9.8,1272.14,708.49,15723.52,8171.43,6.24,High Demand,Medium
2025-10-15,DailyHarvest,Paneer Pack,Dairy,267,115.13,27819.44,20684.01,9.5,1383.7,729.76,22797.47,5021.97,6.0,High Demand,Medium
2025-10-15,DailyHarvest,Mixed Namkeen,Snacks,396,89.29,31610.8,20539.33,10.6,1612.95,641.8,22794.08,8816.72,5.82,High Demand,Medium
2025-10-15,SpiceHub,Basmati Rice,Staples,315,95.9,27157.44,18580.77,10.1,1268.68,865.32,20714.77,6442.67,8.03,High Demand,High
2025-10-15,SpiceHub,Masala Noodles,Packaged Food,489,44.32,19808.65,12127.82,8.6,911.13,681.37,13720.32,6088.33,8.32,High Demand,High
2025-10-15,SpiceHub,Fruit Juice,Beverages,409,68.96,25243.15,16183.13,10.5,1097.69,615.75,17896.57,7346.58,7.92,High Demand,Medium
2025-10-15,SpiceHub,Potato Chips,Snacks,635,31.62,17729.49,11225.03,11.7,732.18,550.49,12507.7,5221.79,5.87,High Demand,High
2025-10-15,SpiceHub,Paneer Pack,Dairy,302,106.8,28479.93,21418.57,11.7,1825.42,546.12,23790.11,4689.82,8.0,High Demand,Medium
2025-10-15,SpiceHub,Mixed Namkeen,Snacks,389,81.77,29359.27,17420.29,7.7,1185.97,739.65,19345.91,10013.36,6.78,High Demand,Medium
2025-10-15,NutriBest,Basmati Rice,Staples,371,115.7,38889.78,27739.43,9.4,2613.93,1157.32,31510.68,7379.1,7.21,High Demand,Medium
2025-10-15,NutriBest,Masala Noodles,Packaged Food,567,53.22,26826.23,18189.81,11.1,1041.61,596.08,19827.5,6998.73,7.53,High Demand,Low
2025-10-15,NutriBest,Fruit Juice,Beverages,454,86.8,36569.88,22705.34,7.2,1791.43,1126.19,25622.96,10946.92,8.31,High Demand,Medium
2025-10-15,NutriBest,Potato Chips,Snacks,622,39.6,22783.86,14023.52,7.5,1242.4,676.46,15942.38,6841.48,6.37,High Demand,Medium
2025-10-15,NutriBest,Paneer Pack,Dairy,292,127.87,33268.19,23889.18,10.9,1566.06,612.72,26067.96,7200.23,6.07,High Demand,Medium
2025-10-15,NutriBest,Mixed Namkeen,Snacks,422,99.26,38788.03,23762.61,7.4,1830.47,924.4,26517.48,12270.55,7.84,High Demand,High
2025-10-15,CrispCo,Basmati Rice,Staples,348,98.92,31188.29,22757.66,9.4,1439.71,720.59,24917.96,6270.33,7.91,High Demand,Low
2025-10-15,CrispCo,Masala Noodles,Packaged Food,510,45.07,20985.94,14155.6,8.7,1417.54,641.92,16215.06,4770.88,7.14,High Demand,High
2025-10-15,CrispCo,Fruit Juice,Beverages,461,72.6,30556.83,19976.1,8.7,1922.68,877.16,22775.94,7780.89,6.28,High Demand,High
2025-10-15,CrispCo,Potato Chips,Snacks,688,36.91,23591.1,12282.94,7.1,1314.66,580.58,14178.18,9412.92,7.63,High Demand,High
2025-10-15,CrispCo,Paneer Pack,Dairy,290,116.79,30211.24,20826.07,10.8,1164.99,991.64,22982.7,7228.54,6.29,High Demand,Medium
2025-10-15,CrispCo,Mixed Namkeen,Snacks,378,88.61,30948.99,18695.53,7.6,2129.51,721.97,21547.01,9401.98,6.81,High Demand,Medium
2025-11-15,FreshBite,Basmati Rice,Staples,337,99.38,30577.34,21250.07,8.7,1941.08,917.38,24108.53,6468.81,6.92,High Demand,High
2025-11-15,FreshBite,Masala Noodles,Packaged Food,545,44.92,21935.33,15173.24,10.4,857.52,534.04,16564.8,5370.53,6.52,High Demand,High
2025-11-15,FreshBite,Fruit Juice,Beverages,423,71.52,27227.66,17861.62,10.0,1416.75,738.83,20017.2,7210.46,8.54,High Demand,Low
2025-11-15,FreshBite,Potato Chips,Snacks,670,34.39,20875.42,12715.68,9.4,1060.16,394.78,14170.62,6704.8,7.08,High Demand,High
2025-11-15,FreshBite,Paneer Pack,Dairy,264,114.77,27966.24,19727.07,7.7,1473.55,738.71,21939.33,6026.91,7.93,High Demand,Medium
2025-11-15,FreshBite,Mixed Namkeen,Snacks,398,83.73,30258.68,19370.0,9.2,1901.93,658.1,21930.03,8328.65,6.24,High Demand,Low
2025-11-15,DailyHarvest,Basmati Rice,Staples,346,106.17,33869.5,24105.64,7.8,2093.38,926.17,27125.19,6744.31,6.44,High Demand,Low
2025-11-15,DailyHarvest,Masala Noodles,Packaged Food,529,50.84,24285.61,15533.11,9.7,1493.26,750.91,17777.28,6508.33,7.3,High Demand,Low
2025-11-15,DailyHarvest,Fruit Juice,Beverages,493,78.35,35729.56,22741.42,7.5,1622.83,1250.12,25614.37,10115.19,7.32,High Demand,Medium
2025-11-15,DailyHarvest,Potato Chips,Snacks,737,39.82,27175.64,15276.47,7.4,1723.37,586.12,17585.96,9589.68,8.07,High Demand,High
2025-11-15,DailyHarvest,Paneer Pack,Dairy,295,121.18,31958.8,22486.92,10.6,1274.3,687.51,24448.73,7510.07,6.69,High Demand,Low
2025-11-15,DailyHarvest,Mixed Namkeen,Snacks,402,90.09,32703.21,20299.08,9.7,2265.19,751.35,23315.62,9387.59,7.64,High Demand,High
2025-11-15,SpiceHub,Basmati Rice,Staples,390,90.03,31460.08,23879.0,10.4,1966.23,1057.66,26902.89,4557.19,8.73,High Demand,High
2025-11-15,SpiceHub,Masala Noodles,Packaged Food,532,41.68,19668.13,13601.69,11.3,1258.7,608.63,15469.02,4199.11,7.91,High Demand,High
2025-11-15,SpiceHub,Fruit Juice,Beverages,464,67.6,28261.13,18183.83,9.9,1436.22,813.12,20433.17,7827.96,8.44,High Demand,Low
2025-11-15,SpiceHub,Potato Chips,Snacks,698,33.04,20594.29,12253.29,10.7,1048.54,541.56,13843.39,6750.9,7.66,High Demand,High
2025-11-15,SpiceHub,Paneer Pack,Dairy,338,105.67,31716.22,24215.91,11.2,1814.78,946.85,26977.54,4738.68,8.36,High Demand,High
2025-11-15,SpiceHub,Mixed Namkeen,Snacks,402,85.63,30361.32,18265.16,11.8,1405.74,692.88,20363.78,9997.54,7.57,High Demand,Low
2025-11-15,NutriBest,Basmati Rice,Staples,373,115.11,38900.04,28180.35,9.4,1427.41,766.05,30373.81,8526.23,8.19,High Demand,Medium
2025-11-15,NutriBest,Masala Noodles,Packaged Food,537,51.18,24295.56,16770.04,11.6,1693.75,614.01,19077.8,5217.76,8.74,High Demand,Low
2025-11-15,NutriBest,Fruit Juice,Beverages,518,85.99,40756.68,26209.34,8.5,1559.63,983.35,28752.32,12004.36,6.36,High Demand,High
2025-11-15,NutriBest,Potato Chips,Snacks,796,40.23,29525.28,17482.76,7.8,1756.18,648.98,19887.92,9637.36,7.85,High Demand,High
2025-11-15,NutriBest,Paneer Pack,Dairy,299,122.13,33559.0,24597.32,8.1,1784.69,857.97,27239.98,6319.02,6.17,High Demand,Medium
2025-11-15,NutriBest,Mixed Namkeen,Snacks,452,95.76,38132.78,24559.95,11.9,1429.18,934.72,26923.85,11208.93,8.05,High Demand,Low
2025-11-15,CrispCo,Basmati Rice,Staples,350,97.7,31185.84,22466.38,8.8,1979.3,1024.97,25470.65,5715.19,7.82,High Demand,High
2025-11-15,CrispCo,Masala Noodles,Packaged Food,571,44.66,23027.28,15709.94,9.7,1160.66,697.3,17567.9,5459.38,7.78,High Demand,High
2025-11-15,CrispCo,Fruit Juice,Beverages,463,74.29,31266.21,20538.08,9.1,1189.18,616.19,22343.45,8922.76,8.11,High Demand,High
2025-11-15,CrispCo,Potato Chips,Snacks,797,36.31,26392.43,14740.01,8.8,1152.62,764.29,16656.92,9735.51,6.8,High Demand,High
2025-11-15,CrispCo,Paneer Pack,Dairy,343,111.51,34193.65,25952.34,10.6,1228.88,1107.88,28289.1,5904.55,8.43,High Demand,Low
2025-11-15,CrispCo,Mixed Namkeen,Snacks,441,89.21,35604.16,21560.0,9.5,1314.15,1184.36,24058.51,11545.65,8.63,High Demand,Medium
2025-12-15,FreshBite,Basmati Rice,Staples,341,97.61,30555.64,20809.24,8.2,2019.89,556.27,23385.4,7170.24,7.44,High Demand,Medium
2025-12-15,FreshBite,Masala Noodles,Packaged Food,522,45.95,21275.49,14644.13,11.3,1253.19,658.82,16556.14,4719.35,8.98,High Demand,High
2025-12-15,FreshBite,Fruit Juice,Beverages,481,68.33,30533.19,20115.76,7.1,1111.22,580.98,21807.96,8725.23,8.55,High Demand,High
2025-12-15,FreshBite,Potato Chips,Snacks,668,36.37,21719.87,12760.72,10.6,1066.0,627.47,14454.19,7265.68,7.9,High Demand,High
2025-12-15,FreshBite,Paneer Pack,Dairy,287,107.48,28564.1,21392.52,7.4,1973.81,589.6,23955.93,4608.17,7.35,High Demand,High
2025-12-15,FreshBite,Mixed Namkeen,Snacks,413,87.66,32148.78,19506.16,11.2,1911.36,977.62,22395.14,9753.64,8.7,High Demand,Low
2025-12-15,DailyHarvest,Basmati Rice,Staples,343,102.95,31215.68,23714.39,11.6,1152.67,915.35,25782.41,5433.27,8.21,High Demand,Low
2025-12-15,DailyHarvest,Masala Noodles,Packaged Food,540,49.59,23966.85,15500.74,10.5,1638.27,644.49,17783.5,6183.35,8.54,High Demand,High
2025-12-15,DailyHarvest,Fruit Juice,Beverages,450,77.81,31898.21,20906.25,8.9,1934.71,638.19,23479.15,8419.06,8.84,High Demand,Medium
2025-12-15,DailyHarvest,Potato Chips,Snacks,768,37.08,26085.34,16494.74,8.4,1439.46,503.71,18437.91,7647.43,7.68,High Demand,Medium
2025-12-15,DailyHarvest,Paneer Pack,Dairy,291,116.23,30000.94,22170.35,11.3,1862.05,996.11,25028.51,4972.43,8.25,High Demand,Low
2025-12-15,DailyHarvest,Mixed Namkeen,Snacks,395,85.71,30639.18,20785.12,9.5,1334.62,797.23,22916.97,7722.21,7.5,High Demand,Low
2025-12-15,SpiceHub,Basmati Rice,Staples,351,89.53,27716.88,21292.72,11.8,1662.76,807.86,23763.34,3953.54,7.08,High Demand,Low
2025-12-15,SpiceHub,Masala Noodles,Packaged Food,595,41.77,22218.72,14647.01,10.6,1067.57,589.57,16304.15,5914.57,8.85,High Demand,High
2025-12-15,SpiceHub,Fruit Juice,Beverages,459,71.97,29400.46,18567.72,11.0,1099.94,761.67,20429.33,8971.13,7.23,High Demand,Medium
2025-12-15,SpiceHub,Potato Chips,Snacks,724,31.06,20283.67,12210.03,9.8,1110.19,469.9,13790.12,6493.55,8.12,High Demand,High
2025-12-15,SpiceHub,Paneer Pack,Dairy,329,109.56,32440.72,23299.33,10.0,1357.31,1080.52,25737.16,6703.56,8.48,High Demand,Low
2025-12-15,SpiceHub,Mixed Namkeen,Snacks,402,79.72,28297.89,18315.99,11.7,1620.28,842.96,20779.23,7518.66,6.52,High Demand,Medium
2025-12-15,NutriBest,Basmati Rice,Staples,349,120.34,37672.8,26436.34,10.3,1455.61,1017.42,28909.37,8763.43,7.12,High Demand,Medium
2025-12-15,NutriBest,Masala Noodles,Packaged Food,684,51.11,30799.09,21135.92,11.9,1125.29,675.58,22936.79,7862.3,8.7,High Demand,Medium
2025-12-15,NutriBest,Fruit Juice,Beverages,527,86.73,41638.81,25438.09,8.9,1596.65,844.01,27878.75,13760.06,8.63,High Demand,Low
2025-12-15,NutriBest,Potato Chips,Snacks,790,41.18,30157.35,17168.7,7.3,1363.37,979.07,19511.14,10646.21,8.91,High Demand,Medium
2025-12-15,NutriBest,Paneer Pack,Dairy,357,124.83,39795.93,28810.51,10.7,1496.89,853.47,31160.87,8635.06,8.53,High Demand,High
2025-12-15,NutriBest,Mixed Namkeen,Snacks,412,95.99,36581.79,22633.76,7.5,1434.95,881.29,24950.0,11631.79,8.5,High Demand,Medium
2025-12-15,CrispCo,Basmati Rice,Staples,385,96.12,33934.69,24380.22,8.3,2002.55,1087.56,27470.33,6464.36,8.31,High Demand,Low
2025-12-15,CrispCo,Masala Noodles,Packaged Food,611,45.23,24512.72,16870.98,11.3,1688.78,606.35,19166.11,5346.61,6.63,High Demand,High
2025-12-15,CrispCo,Fruit Juice,Beverages,503,70.97,31735.44,22431.99,11.1,2059.98,871.18,25363.15,6372.29,7.93,High Demand,Low
2025-12-15,CrispCo,Potato Chips,Snacks,796,35.37,25057.52,14051.72,11.0,1605.26,869.59,16526.57,8530.95,6.84,High Demand,High
2025-12-15,CrispCo,Paneer Pack,Dairy,377,114.99,39492.97,28035.12,8.9,2187.17,884.64,31106.93,8386.04,8.61,High Demand,Low
2025-12-15,CrispCo,Mixed Namkeen,Snacks,508,88.42,41323.97,25602.86,8.0,1579.37,1339.05,28521.28,12802.69,8.6,High Demand,Low
2026-01-15,FreshBite,Basmati Rice,Staples,234,93.59,20301.36,14717.39,7.3,1294.39,501.75,16513.53,3787.83,5.23,Competitive,Medium
2026-01-15,FreshBite,Masala Noodles,Packaged Food,390,44.41,16263.39,10884.96,6.1,1072.08,302.32,12259.36,4004.03,6.76,Growing,High
2026-01-15,FreshBite,Fruit Juice,Beverages,347,73.46,23578.82,14701.4,7.5,897.65,577.95,16177.0,7401.82,6.24,Competitive,High
2026-01-15,FreshBite,Potato Chips,Snacks,490,35.66,15726.06,9134.71,10.0,760.94,473.78,10369.43,5356.63,6.4,Stable,High
2026-01-15,FreshBite,Paneer Pack,Dairy,221,109.88,22389.37,15851.95,7.8,804.05,630.28,17286.28,5103.09,5.23,Stable,Low
2026-01-15,FreshBite,Mixed Namkeen,Snacks,316,85.18,24925.03,15396.12,7.4,1075.43,516.29,16987.84,7937.19,5.79,Growing,Medium
2026-01-15,DailyHarvest,Basmati Rice,Staples,269,108.82,26638.05,18764.72,9.0,1816.0,740.19,21320.91,5317.14,7.7,Stable,Medium
2026-01-15,DailyHarvest,Masala Noodles,Packaged Food,470,47.31,20012.13,13550.85,10.0,923.16,611.33,15085.34,4926.79,6.08,Competitive,Low
2026-01-15,DailyHarvest,Fruit Juice,Beverages,364,76.58,25979.61,16192.06,6.8,1771.62,837.16,18800.84,7178.77,7.26,Stable,High
2026-01-15,DailyHarvest,Potato Chips,Snacks,515,37.17,17706.86,10749.65,7.5,755.34,477.19,11982.18,5724.68,5.15,Competitive,Low
2026-01-15,DailyHarvest,Paneer Pack,Dairy,251,116.34,27244.85,19870.97,6.7,1781.48,517.99,22170.44,5074.41,5.53,Competitive,Low
2026-01-15,DailyHarvest,Mixed Namkeen,Snacks,326,92.18,27286.02,17251.69,9.2,1311.79,928.07,19491.55,7794.47,6.18,Growing,Medium
2026-01-15,SpiceHub,Basmati Rice,Staples,266,90.54,22710.87,16273.45,5.7,1424.3,779.69,18477.44,4233.43,6.84,Growing,High
2026-01-15,SpiceHub,Masala Noodles,Packaged Food,490,44.25,19839.49,12583.44,8.5,849.39,555.75,13988.58,5850.91,5.61,Stable,High
2026-01-15,SpiceHub,Fruit Juice,Beverages,380,67.05,23822.87,14525.2,6.5,1419.14,660.8,16605.14,7217.73,7.36,Competitive,Low
2026-01-15,SpiceHub,Potato Chips,Snacks,520,33.37,16207.14,8987.48,6.6,930.09,320.41,10237.98,5969.16,6.44,Stable,High
2026-01-15,SpiceHub,Paneer Pack,Dairy,257,114.31,27556.25,17556.97,6.2,1818.33,537.58,19912.88,7643.37,6.99,Competitive,High
2026-01-15,SpiceHub,Mixed Namkeen,Snacks,345,81.5,26093.04,15446.95,7.2,975.17,583.52,17005.64,9087.4,5.43,Growing,Low
2026-01-15,NutriBest,Basmati Rice,Staples,280,121.58,31080.71,21405.28,8.7,1624.21,759.55,23789.04,7291.67,6.57,Growing,Medium
2026-01-15,NutriBest,Masala Noodles,Packaged Food,490,53.99,24365.15,15091.8,7.9,1237.63,769.61,17099.04,7266.11,5.24,Growing,Medium
2026-01-15,NutriBest,Fruit Juice,Beverages,357,82.06,27684.17,18075.09,5.5,1124.85,533.61,19733.55,7950.62,7.6,Growing,Medium
2026-01-15,NutriBest,Potato Chips,Snacks,585,40.54,21794.91,12636.53,8.1,1481.74,453.44,14571.71,7223.2,7.46,Growing,Low
2026-01-15,NutriBest,Paneer Pack,Dairy,233,123.39,27024.88,19285.03,6.0,1628.83,821.81,21735.67,5289.21,5.84,Stable,Medium
2026-01-15,NutriBest,Mixed Namkeen,Snacks,314,97.04,28886.09,17794.86,5.2,1166.29,697.14,19658.29,9227.8,6.26,Stable,High
2026-01-15,CrispCo,Basmati Rice,Staples,304,95.92,27001.86,19308.47,7.4,1548.2,934.53,21791.2,5210.66,6.38,Growing,Medium
2026-01-15,CrispCo,Masala Noodles,Packaged Food,507,48.32,22685.37,13632.88,7.4,1303.62,557.79,15494.29,7191.08,6.11,Stable,High
2026-01-15,CrispCo,Fruit Juice,Beverages,378,71.55,25098.6,16382.46,7.2,1077.19,566.36,18026.01,7072.59,5.31,Competitive,High
2026-01-15,CrispCo,Potato Chips,Snacks,546,37.54,18795.6,9875.56,8.3,1155.48,411.02,11442.06,7353.54,5.31,Stable,High
2026-01-15,CrispCo,Paneer Pack,Dairy,279,114.04,29558.14,21019.02,7.1,1525.76,975.07,23519.85,6038.29,6.39,Growing,Medium
2026-01-15,CrispCo,Mixed Namkeen,Snacks,370,87.31,29526.5,18746.92,8.6,1860.63,871.57,21479.12,8047.38,6.76,Growing,Medium
2026-02-15,FreshBite,Basmati Rice,Staples,250,100.46,22628.62,15941.87,9.9,891.94,570.18,17403.99,5224.63,8.07,Stable,Low
2026-02-15,FreshBite,Masala Noodles,Packaged Food,476,47.03,20572.99,13267.67,8.1,1375.88,690.04,15333.59,5239.4,5.67,Stable,High
2026-02-15,FreshBite,Fruit Juice,Beverages,354,73.3,23924.24,15034.24,7.8,1605.33,435.66,17075.23,6849.01,7.32,Competitive,High
2026-02-15,FreshBite,Potato Chips,Snacks,567,34.42,18423.24,10923.77,5.6,1020.53,633.8,12578.1,5845.14,5.76,Growing,High
2026-02-15,FreshBite,Paneer Pack,Dairy,240,109.53,24841.4,17489.74,5.5,1168.43,620.67,19278.84,5562.56,6.5,Stable,High
2026-02-15,FreshBite,Mixed Namkeen,Snacks,316,84.56,25331.47,14995.56,5.2,1426.24,754.68,17176.48,8154.99,5.6,Stable,High
2026-02-15,DailyHarvest,Basmati Rice,Staples,263,110.55,26545.16,18488.87,8.7,947.88,846.67,20283.42,6261.74,6.29,Stable,Medium
2026-02-15,DailyHarvest,Masala Noodles,Packaged Food,481,50.76,22364.65,13860.81,8.4,1017.97,685.33,15564.11,6800.54,7.51,Stable,Medium
2026-02-15,DailyHarvest,Fruit Juice,Beverages,380,73.35,25643.16,17211.2,8.0,1717.33,639.08,19567.61,6075.55,6.76,Competitive,Medium
2026-02-15,DailyHarvest,Potato Chips,Snacks,592,37.4,20458.1,12415.43,7.6,1078.92,415.42,13909.77,6548.33,7.71,Competitive,Low
2026-02-15,DailyHarvest,Paneer Pack,Dairy,230,116.59,24295.02,17417.03,9.4,878.45,458.19,18753.67,5541.35,6.44,Growing,Medium
2026-02-15,DailyHarvest,Mixed Namkeen,Snacks,312,88.5,25596.32,16475.04,7.3,1506.12,566.01,18547.17,7049.15,6.77,Stable,Low
2026-02-15,SpiceHub,Basmati Rice,Staples,314,93.81,27276.57,18538.13,7.4,1754.37,610.92,20903.42,6373.15,7.66,Growing,Medium
2026-02-15,SpiceHub,Masala Noodles,Packaged Food,421,43.97,17548.78,10806.96,5.2,745.84,381.91,11934.71,5614.07,6.09,Growing,High
2026-02-15,SpiceHub,Fruit Juice,Beverages,359,66.08,22062.13,14376.48,7.0,1364.87,400.46,16141.81,5920.32,7.87,Competitive,Low
2026-02-15,SpiceHub,Potato Chips,Snacks,588,31.77,17746.72,10278.94,5.0,810.87,611.19,11701.0,6045.72,7.17,Stable,High
2026-02-15,SpiceHub,Paneer Pack,Dairy,275,109.22,27242.2,18843.93,9.3,1241.57,731.48,20816.98,6425.22,7.12,Competitive,Low
2026-02-15,SpiceHub,Mixed Namkeen,Snacks,299,86.67,23322.9,13863.53,10.0,1274.62,655.24,15793.39,7529.51,6.23,Competitive,Low
2026-02-15,NutriBest,Basmati Rice,Staples,297,114.41,31703.13,21967.19,6.7,1416.84,924.27,24308.3,7394.83,7.98,Competitive,Medium
2026-02-15,NutriBest,Masala Noodles,Packaged Food,451,51.56,21486.29,13749.01,7.6,1396.74,682.63,15828.38,5657.91,6.55,Stable,High
2026-02-15,NutriBest,Fruit Juice,Beverages,362,83.21,28585.8,17697.85,5.1,1907.87,711.16,20316.88,8268.92,7.42,Competitive,High
2026-02-15,NutriBest,Potato Chips,Snacks,655,40.04,23839.62,14738.58,9.1,1407.04,687.8,16833.42,7006.2,6.74,Competitive,Medium
2026-02-15,NutriBest,Paneer Pack,Dairy,264,130.71,31332.76,22080.9,9.2,1295.29,615.98,23992.17,7340.59,5.83,Stable,High
2026-02-15,NutriBest,Mixed Namkeen,Snacks,365,93.72,31197.51,20492.21,8.8,1458.39,608.92,22559.52,8637.99,6.42,Competitive,Medium
2026-02-15,CrispCo,Basmati Rice,Staples,303,98.34,26996.1,19685.48,9.4,1383.05,539.98,21608.51,5387.59,5.64,Competitive,High
2026-02-15,CrispCo,Masala Noodles,Packaged Food,506,46.57,21655.7,13548.23,8.1,848.76,640.4,15037.39,6618.31,6.88,Stable,High
2026-02-15,CrispCo,Fruit Juice,Beverages,367,70.73,23543.82,15655.03,9.3,1161.22,651.69,17467.94,6075.88,7.86,Stable,Low
2026-02-15,CrispCo,Potato Chips,Snacks,594,37.44,20326.78,10790.95,8.6,1160.38,426.98,12378.31,7948.47,7.15,Growing,High
2026-02-15,CrispCo,Paneer Pack,Dairy,270,116.44,29552.47,19997.31,6.0,1198.21,926.43,22121.95,7430.52,7.53,Growing,High
2026-02-15,CrispCo,Mixed Namkeen,Snacks,351,86.74,28284.09,17347.67,7.1,994.57,765.77,19108.01,9176.08,7.4,Growing,Medium
2026-03-15,FreshBite,Basmati Rice,Staples,298,92.3,25387.48,18111.05,7.7,1540.41,554.63,20206.09,5181.39,8.13,Stable,Low
2026-03-15,FreshBite,Masala Noodles,Packaged Food,422,44.89,17522.81,11625.97,7.5,641.34,597.95,12865.26,4657.55,7.04,Competitive,High
2026-03-15,FreshBite,Fruit Juice,Beverages,378,73.49,25918.01,16506.73,6.7,1218.03,863.68,18588.44,7329.57,6.78,Growing,Low
2026-03-15,FreshBite,Potato Chips,Snacks,619,35.22,19708.27,11686.97,9.6,1191.38,398.71,13277.06,6431.21,7.76,Competitive,High
2026-03-15,FreshBite,Paneer Pack,Dairy,251,113.74,26950.01,18569.48,5.6,1297.15,778.46,20645.09,6304.92,7.86,Competitive,Low
2026-03-15,FreshBite,Mixed Namkeen,Snacks,334,83.28,26369.11,16515.64,5.2,967.44,526.55,18009.63,8359.48,7.01,Growing,High
2026-03-15,DailyHarvest,Basmati Rice,Staples,280,103.79,26591.0,19442.59,8.5,939.34,668.89,21050.82,5540.18,6.11,Competitive,Medium
2026-03-15,DailyHarvest,Masala Noodles,Packaged Food,487,48.37,21553.91,14602.01,8.5,1140.32,614.31,16356.64,5197.27,6.59,Growing,Medium
2026-03-15,DailyHarvest,Fruit Juice,Beverages,362,74.53,25361.07,16475.52,6.0,1066.65,759.78,18301.95,7059.12,6.62,Growing,High
2026-03-15,DailyHarvest,Potato Chips,Snacks,589,40.05,22174.08,12366.97,6.0,778.22,652.31,13797.5,8376.58,8.21,Competitive,High
2026-03-15,DailyHarvest,Paneer Pack,Dairy,260,122.74,28816.9,19709.75,9.7,1738.38,961.94,22410.07,6406.83,7.53,Stable,Medium
2026-03-15,DailyHarvest,Mixed Namkeen,Snacks,324,91.8,28166.81,17060.18,5.3,1826.02,679.49,19565.69,8601.12,7.61,Stable,High
2026-03-15,SpiceHub,Basmati Rice,Staples,281,96.61,24622.7,16257.04,9.3,981.06,714.12,17952.22,6670.48,6.7,Stable,High
2026-03-15,SpiceHub,Masala Noodles,Packaged Food,470,42.15,18086.99,11756.62,8.7,705.11,448.63,12910.36,5176.63,7.04,Stable,High
2026-03-15,SpiceHub,Fruit Juice,Beverages,414,68.54,26275.77,16681.52,7.4,1073.03,532.16,18286.71,7989.06,7.74,Growing,Low
2026-03-15,SpiceHub,Potato Chips,Snacks,600,33.35,18409.2,10411.18,8.0,761.11,450.21,11622.5,6786.7,6.78,Growing,High
2026-03-15,SpiceHub,Paneer Pack,Dairy,289,111.83,29280.9,20609.14,9.4,1519.91,770.03,22899.08,6381.82,8.16,Stable,Low
2026-03-15,SpiceHub,Mixed Namkeen,Snacks,321,79.63,23439.65,14908.68,8.3,1250.94,718.23,16877.85,6561.8,7.73,Growing,High
2026-03-15,NutriBest,Basmati Rice,Staples,339,118.67,37171.72,25514.83,7.6,1864.15,1128.28,28507.26,8664.46,7.1,Competitive,High
2026-03-15,NutriBest,Masala Noodles,Packaged Food,524,54.31,26836.31,16788.56,5.7,1514.96,488.37,18791.89,8044.42,8.28,Competitive,Medium
2026-03-15,NutriBest,Fruit Juice,Beverages,442,80.09,32107.6,21863.73,9.3,1394.47,1107.47,24365.67,7741.93,5.98,Growing,High
2026-03-15,NutriBest,Potato Chips,Snacks,649,39.65,23931.55,14385.74,7.0,1508.74,613.07,16507.55,7424.0,8.08,Stable,Medium
2026-03-15,NutriBest,Paneer Pack,Dairy,258,128.6,30690.39,20608.74,7.5,1517.08,843.1,22968.92,7721.47,5.85,Growing,High
2026-03-15,NutriBest,Mixed Namkeen,Snacks,398,99.76,36448.71,22190.77,8.2,2110.78,938.76,25240.31,11208.4,6.74,Growing,Low
2026-03-15,CrispCo,Basmati Rice,Staples,348,101.83,33062.57,22628.29,6.7,1986.5,799.32,25414.11,7648.46,7.03,Growing,High
2026-03-15,CrispCo,Masala Noodles,Packaged Food,498,48.06,22330.31,13955.15,6.7,1009.76,600.1,15565.01,6765.3,7.68,Growing,High
2026-03-15,CrispCo,Fruit Juice,Beverages,460,75.17,31984.84,20265.61,7.5,1577.57,713.99,22557.17,9427.67,6.36,Growing,Medium
2026-03-15,CrispCo,Potato Chips,Snacks,615,35.54,19868.1,11073.06,9.1,1221.89,373.33,12668.28,7199.82,7.5,Competitive,High
2026-03-15,CrispCo,Paneer Pack,Dairy,293,113.18,30210.35,21806.24,8.9,2068.4,612.93,24487.57,5722.78,7.15,Competitive,High
2026-03-15,CrispCo,Mixed Namkeen,Snacks,342,89.91,27766.55,16908.42,9.7,1465.84,934.62,19308.88,8457.67,6.31,Competitive,Low
2026-04-15,FreshBite,Basmati Rice,Staples,304,95.46,27394.73,19150.19,5.6,1805.16,727.87,21683.22,5711.51,7.2,Competitive,High
2026-04-15,FreshBite,Masala Noodles,Packaged Food,495,47.55,22030.87,14389.86,6.4,1120.26,446.51,15956.63,6074.24,7.27,Competitive,High
2026-04-15,FreshBite,Fruit Juice,Beverages,410,73.21,27734.88,17441.59,7.6,1275.44,846.63,19563.66,8171.22,7.64,Growing,Low
2026-04-15,FreshBite,Potato Chips,Snacks,549,36.11,18119.49,10798.92,8.6,718.32,544.98,12062.22,6057.27,8.74,Growing,High
2026-04-15,FreshBite,Paneer Pack,Dairy,258,109.89,25941.73,18333.11,8.5,1227.78,678.8,20239.69,5702.04,7.68,Competitive,High
2026-04-15,FreshBite,Mixed Namkeen,Snacks,330,88.89,26781.67,15794.95,8.7,1731.58,850.08,18376.61,8405.06,7.56,Growing,Medium
2026-04-15,DailyHarvest,Basmati Rice,Staples,280,103.74,26607.24,19516.21,8.4,1081.13,608.57,21205.91,5401.33,6.85,Growing,High
2026-04-15,DailyHarvest,Masala Noodles,Packaged Food,516,48.9,23718.46,14986.76,6.0,1205.87,675.36,16867.99,6850.47,7.96,Competitive,Low
2026-04-15,DailyHarvest,Fruit Juice,Beverages,414,74.35,28379.99,19134.1,7.8,1786.77,649.61,21570.48,6809.51,7.93,Stable,Medium
2026-04-15,DailyHarvest,Potato Chips,Snacks,594,39.2,21212.45,12947.39,8.9,782.38,650.0,14379.77,6832.68,6.73,Stable,Low
2026-04-15,DailyHarvest,Paneer Pack,Dairy,289,121.34,32086.54,22816.14,8.5,1736.89,906.69,25459.72,6626.82,8.22,Growing,Medium
2026-04-15,DailyHarvest,Mixed Namkeen,Snacks,345,85.95,26717.13,18259.19,9.9,1622.47,535.12,20416.78,6300.35,6.31,Stable,High
2026-04-15,SpiceHub,Basmati Rice,Staples,298,96.24,27016.11,17236.32,5.8,1386.51,916.86,19539.69,7476.42,6.3,Stable,High
2026-04-15,SpiceHub,Masala Noodles,Packaged Food,460,43.07,17890.42,11726.7,9.7,933.33,496.2,13156.23,4734.19,7.13,Competitive,High
2026-04-15,SpiceHub,Fruit Juice,Beverages,394,67.09,24821.02,15121.54,6.1,1307.57,622.28,17051.39,7769.63,7.6,Growing,Medium
2026-04-15,SpiceHub,Potato Chips,Snacks,591,32.0,17758.37,10063.56,6.1,757.32,546.87,11367.75,6390.62,7.58,Competitive,High
2026-04-15,SpiceHub,Paneer Pack,Dairy,294,104.85,27774.14,20694.49,9.9,1405.33,927.0,23026.82,4747.32,7.8,Competitive,Low
2026-04-15,SpiceHub,Mixed Namkeen,Snacks,394,81.91,29561.65,18349.77,8.4,2012.4,726.03,21088.2,8473.45,7.6,Stable,Low
2026-04-15,NutriBest,Basmati Rice,Staples,350,115.43,36724.05,26629.58,9.1,1858.03,688.41,29176.02,7548.03,8.54,Growing,Medium
2026-04-15,NutriBest,Masala Noodles,Packaged Food,524,51.22,24235.87,16851.15,9.7,1304.6,439.27,18595.02,5640.85,6.37,Competitive,High
2026-04-15,NutriBest,Fruit Juice,Beverages,446,82.67,33441.83,21553.19,9.3,1799.89,1001.47,24354.55,9087.28,8.74,Stable,High
2026-04-15,NutriBest,Potato Chips,Snacks,689,41.27,26899.54,14876.44,5.4,1616.4,501.52,16994.36,9905.18,6.39,Growing,Medium
2026-04-15,NutriBest,Paneer Pack,Dairy,289,123.81,32954.38,23304.1,7.9,1600.96,946.24,25851.3,7103.08,7.33,Growing,Medium
2026-04-15,NutriBest,Mixed Namkeen,Snacks,386,97.63,34783.42,21593.05,7.7,2137.74,972.38,24703.17,10080.25,8.02,Growing,Medium
2026-04-15,CrispCo,Basmati Rice,Staples,363,102.0,34989.57,23187.42,5.5,1330.57,1085.01,25603.0,9386.57,7.34,Stable,High
2026-04-15,CrispCo,Masala Noodles,Packaged Food,490,45.53,21015.74,13558.17,5.8,1321.62,681.77,15561.56,5454.18,6.97,Competitive,High
2026-04-15,CrispCo,Fruit Juice,Beverages,406,75.76,28174.84,17941.6,8.4,1705.32,685.87,20332.79,7842.05,8.67,Competitive,High
2026-04-15,CrispCo,Potato Chips,Snacks,621,36.78,21652.68,11218.74,5.2,1172.78,421.08,12812.6,8840.08,6.75,Competitive,High
2026-04-15,CrispCo,Paneer Pack,Dairy,320,112.8,33677.57,23798.14,6.7,1782.87,698.35,26279.36,7398.21,6.77,Stable,Low
2026-04-15,CrispCo,Mixed Namkeen,Snacks,356,87.81,28634.49,17152.04,8.4,1754.91,997.38,19904.33,8730.16,7.63,Competitive,High
2026-05-15,FreshBite,Basmati Rice,Staples,275,94.29,23751.65,16910.96,8.4,1313.96,811.74,19036.66,4714.99,7.48,Seasonal,High
2026-05-15,FreshBite,Masala Noodles,Packaged Food,502,46.16,21897.84,14534.0,5.5,1009.98,561.92,16105.9,5791.94,8.15,Seasonal,High
2026-05-15,FreshBite,Fruit Juice,Beverages,379,71.46,24943.76,15947.76,7.9,1149.2,630.61,17727.57,7216.19,6.56,Seasonal,Low
2026-05-15,FreshBite,Potato Chips,Snacks,637,35.97,20942.38,12061.86,8.6,996.48,618.91,13677.25,7265.13,7.41,Seasonal,High
2026-05-15,FreshBite,Paneer Pack,Dairy,265,114.37,28125.87,19255.88,7.2,1091.54,814.93,21162.35,6963.52,6.76,Seasonal,Medium
2026-05-15,FreshBite,Mixed Namkeen,Snacks,373,86.57,30450.05,17828.7,5.7,2010.37,587.68,20426.75,10023.3,6.75,Seasonal,Low
2026-05-15,DailyHarvest,Basmati Rice,Staples,334,109.53,33583.21,23046.64,8.2,2079.54,725.97,25852.15,7731.06,6.65,Seasonal,Medium
2026-05-15,DailyHarvest,Masala Noodles,Packaged Food,510,48.6,22307.4,15182.11,10.0,1066.38,486.22,16734.71,5572.69,8.56,Seasonal,High
2026-05-15,DailyHarvest,Fruit Juice,Beverages,438,76.13,31444.28,19422.89,5.7,1501.0,571.66,21495.55,9948.73,7.17,Seasonal,High
2026-05-15,DailyHarvest,Potato Chips,Snacks,649,37.34,22101.1,13486.62,8.8,1211.64,610.41,15308.67,6792.43,8.82,Seasonal,Low
2026-05-15,DailyHarvest,Paneer Pack,Dairy,289,118.27,31650.71,22100.1,7.4,1647.97,603.54,24351.61,7299.1,7.51,Seasonal,Low
2026-05-15,DailyHarvest,Mixed Namkeen,Snacks,373,91.63,31580.46,19085.5,7.6,2119.89,1041.73,22247.12,9333.34,6.65,Seasonal,High
2026-05-15,SpiceHub,Basmati Rice,Staples,312,93.56,26709.51,18956.17,8.5,1715.3,600.33,21271.8,5437.71,7.97,Seasonal,Low
2026-05-15,SpiceHub,Masala Noodles,Packaged Food,510,42.96,20397.84,13182.14,6.9,769.49,454.4,14406.03,5991.81,9.08,Seasonal,High
2026-05-15,SpiceHub,Fruit Juice,Beverages,400,70.96,26397.12,15610.95,7.0,1656.23,873.27,18140.45,8256.67,6.57,Seasonal,Low
2026-05-15,SpiceHub,Potato Chips,Snacks,640,32.52,19543.22,10845.71,6.1,786.78,404.06,12036.55,7506.67,8.12,Seasonal,High
2026-05-15,SpiceHub,Paneer Pack,Dairy,305,108.79,30426.93,21041.07,8.3,1185.64,896.95,23123.66,7303.27,7.8,Seasonal,High
2026-05-15,SpiceHub,Mixed Namkeen,Snacks,348,79.71,25187.08,15387.34,9.2,1387.1,522.36,17296.8,7890.28,8.19,Seasonal,Low
2026-05-15,NutriBest,Basmati Rice,Staples,361,113.27,38559.71,27658.25,5.7,2046.84,959.86,30664.95,7894.76,9.07,Seasonal,High
2026-05-15,NutriBest,Masala Noodles,Packaged Food,489,53.54,23929.49,15113.63,8.6,909.35,613.47,16636.45,7293.04,9.13,Seasonal,Medium
2026-05-15,NutriBest,Fruit Juice,Beverages,409,83.97,31184.11,20595.67,9.2,1986.92,657.74,23240.33,7943.78,8.27,Seasonal,Medium
2026-05-15,NutriBest,Potato Chips,Snacks,626,42.12,24152.28,13989.49,8.4,903.52,590.03,15483.04,8669.24,6.89,Seasonal,Low
2026-05-15,NutriBest,Paneer Pack,Dairy,279,126.92,32117.49,22716.24,9.3,1292.24,630.69,24639.17,7478.32,7.79,Seasonal,High
2026-05-15,NutriBest,Mixed Namkeen,Snacks,394,96.69,34514.85,22214.85,9.4,1320.6,1008.17,24543.62,9971.23,8.9,Seasonal,High
2026-05-15,CrispCo,Basmati Rice,Staples,369,101.89,34025.66,24063.62,9.5,1812.6,826.7,26702.92,7322.74,6.66,Seasonal,High
2026-05-15,CrispCo,Masala Noodles,Packaged Food,552,46.62,23238.02,15293.3,9.7,1098.42,736.15,17127.87,6110.15,8.91,Seasonal,High
2026-05-15,CrispCo,Fruit Juice,Beverages,483,72.6,32295.6,20670.79,7.9,1996.03,1080.98,23747.8,8547.8,6.77,Seasonal,High
2026-05-15,CrispCo,Potato Chips,Snacks,745,35.53,24616.96,13712.38,7.0,1541.75,684.99,15939.12,8677.84,6.86,Seasonal,High
2026-05-15,CrispCo,Paneer Pack,Dairy,276,115.57,29249.84,20126.93,8.3,1394.62,603.46,22125.01,7124.83,8.24,Seasonal,Medium
2026-05-15,CrispCo,Mixed Namkeen,Snacks,380,87.79,30791.46,18931.19,7.7,2146.56,762.3,21840.05,8951.41,7.08,Seasonal,High
2026-06-15,FreshBite,Basmati Rice,Staples,329,95.32,29039.62,20669.18,7.4,1274.32,674.1,22617.6,6422.02,7.8,Seasonal,High
2026-06-15,FreshBite,Masala Noodles,Packaged Food,493,47.15,21919.99,13626.55,5.7,943.48,686.38,15256.41,6663.58,9.37,Seasonal,High
2026-06-15,FreshBite,Fruit Juice,Beverages,375,72.85,25269.84,16191.81,7.5,1427.52,748.94,18368.27,6901.57,7.04,Seasonal,Medium
2026-06-15,FreshBite,Potato Chips,Snacks,682,34.24,22184.1,12811.83,5.0,1495.32,563.51,14870.66,7313.44,7.07,Seasonal,High
2026-06-15,FreshBite,Paneer Pack,Dairy,260,107.07,26334.94,18777.27,5.4,1829.11,748.9,21355.28,4979.66,8.25,Seasonal,High
2026-06-15,FreshBite,Mixed Namkeen,Snacks,393,88.37,32888.75,18685.1,5.3,1720.18,597.99,21003.27,11885.48,9.11,Seasonal,High
2026-06-15,DailyHarvest,Basmati Rice,Staples,309,107.52,31496.05,21242.06,5.2,1357.75,657.68,23257.49,8238.56,6.99,Seasonal,Low
2026-06-15,DailyHarvest,Masala Noodles,Packaged Food,539,46.94,22795.89,15577.17,9.9,1116.55,669.84,17363.56,5432.33,7.95,Seasonal,Low
2026-06-15,DailyHarvest,Fruit Juice,Beverages,424,73.21,28340.47,18801.62,8.7,1274.11,909.9,20985.63,7354.84,9.28,Seasonal,Medium
2026-06-15,DailyHarvest,Potato Chips,Snacks,627,37.63,21446.96,13664.49,9.1,1092.01,533.33,15289.83,6157.13,6.91,Seasonal,Low
2026-06-15,DailyHarvest,Paneer Pack,Dairy,281,115.23,30598.75,21586.26,5.5,2085.17,968.45,24639.88,5958.87,9.39,Seasonal,High
2026-06-15,DailyHarvest,Mixed Namkeen,Snacks,396,90.86,33138.1,20962.71,7.9,1813.02,1030.25,23805.98,9332.12,8.87,Seasonal,Medium
2026-06-15,SpiceHub,Basmati Rice,Staples,347,96.38,30266.69,20655.58,9.5,1332.45,741.7,22729.73,7536.96,8.95,Seasonal,Low
2026-06-15,SpiceHub,Masala Noodles,Packaged Food,560,41.93,22048.47,14522.57,6.1,1170.28,400.52,16093.37,5955.1,9.06,Seasonal,High
2026-06-15,SpiceHub,Fruit Juice,Beverages,416,70.08,27549.85,16698.79,5.5,1037.56,932.11,18668.46,8881.39,8.14,Seasonal,Medium
2026-06-15,SpiceHub,Potato Chips,Snacks,632,31.57,18376.01,11010.12,7.9,1241.46,390.18,12641.76,5734.25,8.82,Seasonal,High
2026-06-15,SpiceHub,Paneer Pack,Dairy,280,107.34,28191.78,19199.3,6.2,1810.56,908.27,21918.13,6273.65,7.83,Seasonal,Low
2026-06-15,SpiceHub,Mixed Namkeen,Snacks,357,86.59,29243.35,16218.58,5.4,1030.3,952.47,18201.35,11042.0,9.39,Seasonal,Medium
2026-06-15,NutriBest,Basmati Rice,Staples,338,120.85,38151.38,25833.88,6.6,2102.45,864.91,28801.24,9350.14,7.38,Seasonal,High
2026-06-15,NutriBest,Masala Noodles,Packaged Food,535,53.14,26695.68,16307.18,6.1,1681.15,697.6,18685.93,8009.75,8.31,Seasonal,High
2026-06-15,NutriBest,Fruit Juice,Beverages,439,85.27,33952.21,21670.86,9.3,1331.36,910.24,23912.46,10039.75,7.72,Seasonal,Low
2026-06-15,NutriBest,Potato Chips,Snacks,626,40.89,24035.71,13765.47,6.1,1356.75,538.76,15660.98,8374.73,8.33,Seasonal,Low
2026-06-15,NutriBest,Paneer Pack,Dairy,292,125.11,32951.97,23439.96,9.8,1642.26,827.9,25910.12,7041.85,8.86,Seasonal,Medium
2026-06-15,NutriBest,Mixed Namkeen,Snacks,428,93.69,37532.96,23254.42,6.4,2070.18,821.43,26146.03,11386.93,7.16,Seasonal,Medium
2026-06-15,CrispCo,Basmati Rice,Staples,380,102.61,35950.44,24119.7,7.8,2264.92,1098.47,27483.09,8467.35,8.13,Seasonal,Low
2026-06-15,CrispCo,Masala Noodles,Packaged Food,541,48.74,24390.71,15059.28,7.5,1295.03,737.81,17092.12,7298.59,8.94,Seasonal,High
2026-06-15,CrispCo,Fruit Juice,Beverages,450,73.52,30503.45,19425.54,7.8,1804.86,580.19,21810.59,8692.86,9.02,Seasonal,Medium
2026-06-15,CrispCo,Potato Chips,Snacks,765,37.33,26986.79,13709.22,5.5,1284.86,741.53,15735.61,11251.18,9.01,Seasonal,High
2026-06-15,CrispCo,Paneer Pack,Dairy,307,112.18,31994.07,22876.59,7.1,1797.91,889.64,25564.14,6429.93,8.59,Seasonal,High
2026-06-15,CrispCo,Mixed Namkeen,Snacks,386,86.17,30301.34,19299.69,8.9,1577.56,924.83,21802.08,8499.26,9.21,Seasonal,Medium
2026-07-15,FreshBite,Basmati Rice,Staples,297,100.33,27622.76,19005.01,7.3,1586.11,933.25,21524.37,6098.39,8.35,Competitive,High
2026-07-15,FreshBite,Masala Noodles,Packaged Food,460,43.97,18304.71,12887.95,9.5,841.5,532.69,14262.14,4042.57,9.1,Competitive,High
2026-07-15,FreshBite,Fruit Juice,Beverages,391,70.7,25874.5,16943.7,6.4,1234.49,723.91,18902.1,6972.4,9.76,Stable,Low
2026-07-15,FreshBite,Potato Chips,Snacks,544,36.24,18709.12,10539.84,5.1,1270.64,559.62,12370.1,6339.02,7.46,Growing,High
2026-07-15,FreshBite,Paneer Pack,Dairy,251,115.97,27507.5,18223.64,5.5,1014.58,855.64,20093.86,7413.64,8.61,Growing,Low
2026-07-15,FreshBite,Mixed Namkeen,Snacks,319,87.46,26281.56,15819.26,5.8,1204.43,583.6,17607.29,8674.27,7.99,Competitive,Low
2026-07-15,DailyHarvest,Basmati Rice,Staples,279,102.12,25870.26,19347.89,9.2,1684.49,608.69,21641.07,4229.19,8.49,Competitive,Medium
2026-07-15,DailyHarvest,Masala Noodles,Packaged Food,491,50.66,23456.24,14414.95,5.7,1306.02,604.26,16325.23,7131.01,9.2,Competitive,Medium
2026-07-15,DailyHarvest,Fruit Juice,Beverages,396,74.84,27206.44,17834.79,8.2,1466.11,861.9,20162.8,7043.64,8.4,Stable,Medium
2026-07-15,DailyHarvest,Potato Chips,Snacks,573,36.86,19747.93,12381.03,6.5,1277.26,470.91,14129.2,5618.73,8.47,Growing,High
2026-07-15,DailyHarvest,Paneer Pack,Dairy,289,119.53,31193.39,21820.13,9.7,1561.7,716.81,24098.64,7094.75,7.85,Growing,High
2026-07-15,DailyHarvest,Mixed Namkeen,Snacks,339,89.8,28280.8,17352.71,7.1,1151.44,863.44,19367.59,8913.21,8.26,Stable,Low
2026-07-15,SpiceHub,Basmati Rice,Staples,297,91.22,25168.78,17976.36,7.1,1682.49,798.57,20457.42,4711.36,9.03,Stable,High
2026-07-15,SpiceHub,Masala Noodles,Packaged Food,528,42.3,20324.3,13611.96,9.0,841.11,465.9,14918.97,5405.33,8.91,Competitive,High
2026-07-15,SpiceHub,Fruit Juice,Beverages,404,68.97,25495.45,15744.0,8.5,1028.11,879.22,17651.33,7844.12,7.31,Growing,Medium
2026-07-15,SpiceHub,Potato Chips,Snacks,595,33.13,18017.09,10053.99,8.6,725.62,475.49,11255.1,6761.99,8.14,Stable,High
2026-07-15,SpiceHub,Paneer Pack,Dairy,292,108.37,29270.74,20587.55,7.5,1056.99,566.79,22211.33,7059.41,9.2,Growing,Low
2026-07-15,SpiceHub,Mixed Namkeen,Snacks,343,83.55,26651.61,15294.48,7.0,1768.32,593.03,17655.83,8995.78,8.24,Growing,Low
2026-07-15,NutriBest,Basmati Rice,Staples,353,115.53,37274.83,27127.65,8.6,1627.07,1301.16,30055.88,7218.95,7.77,Competitive,Low
2026-07-15,NutriBest,Masala Noodles,Packaged Food,524,52.65,24857.33,16583.28,9.9,1141.54,583.95,18308.77,6548.56,8.89,Growing,High
2026-07-15,NutriBest,Fruit Juice,Beverages,459,81.41,34527.28,22902.84,7.6,1448.6,1142.43,25493.87,9033.41,9.5,Growing,Low
2026-07-15,NutriBest,Potato Chips,Snacks,612,38.85,22064.31,13836.46,7.2,1223.78,545.62,15605.86,6458.45,7.88,Growing,High
2026-07-15,NutriBest,Paneer Pack,Dairy,302,127.96,35784.27,24517.87,7.4,1364.52,740.05,26622.44,9161.83,7.49,Competitive,Medium
2026-07-15,NutriBest,Mixed Namkeen,Snacks,404,97.49,35447.36,21855.29,10.0,2040.35,1060.68,24956.32,10491.04,9.31,Growing,Medium
2026-07-15,CrispCo,Basmati Rice,Staples,316,102.02,29046.73,20737.73,9.9,1835.56,739.48,23312.77,5733.96,7.75,Competitive,Medium
2026-07-15,CrispCo,Masala Noodles,Packaged Food,524,48.34,23886.34,14277.0,5.7,1201.78,549.63,16028.41,7857.93,9.06,Growing,High
2026-07-15,CrispCo,Fruit Juice,Beverages,442,71.94,29349.07,19160.02,7.7,1918.49,826.99,21905.5,7443.57,9.49,Growing,Low
2026-07-15,CrispCo,Potato Chips,Snacks,671,37.57,23394.39,12228.93,7.2,1190.61,729.69,14149.23,9245.16,8.57,Competitive,High
2026-07-15,CrispCo,Paneer Pack,Dairy,276,117.28,30718.45,20683.15,5.1,1331.88,929.45,22944.48,7773.97,8.96,Competitive,Medium
2026-07-15,CrispCo,Mixed Namkeen,Snacks,361,89.35,29545.9,17498.81,8.4,1326.89,737.66,19563.36,9982.54,8.09,Growing,High
2026-08-15,FreshBite,Basmati Rice,Staples,313,100.17,29722.84,19225.88,5.2,1072.83,589.1,20887.81,8835.03,8.1,Growing,High
2026-08-15,FreshBite,Masala Noodles,Packaged Food,504,45.63,21410.69,14358.09,6.9,1191.73,403.26,15953.08,5457.61,8.17,Competitive,High
2026-08-15,FreshBite,Fruit Juice,Beverages,363,69.22,22689.55,15390.6,9.7,1500.73,439.25,17330.58,5358.97,9.68,Growing,Medium
2026-08-15,FreshBite,Potato Chips,Snacks,614,35.26,19549.62,11691.01,9.7,1168.97,625.63,13485.61,6064.01,8.29,Growing,High
2026-08-15,FreshBite,Paneer Pack,Dairy,281,107.47,27420.76,20089.45,9.2,1458.29,540.76,22088.5,5332.26,8.2,Stable,Low
2026-08-15,FreshBite,Mixed Namkeen,Snacks,329,86.81,26189.97,16373.94,8.3,1428.53,719.92,18522.39,7667.58,9.54,Competitive,High
2026-08-15,DailyHarvest,Basmati Rice,Staples,306,108.14,30675.21,21494.03,7.3,1252.72,646.23,23392.98,7282.23,8.64,Stable,High
2026-08-15,DailyHarvest,Masala Noodles,Packaged Food,474,48.47,20677.3,13761.66,10.0,951.78,720.7,15434.14,5243.16,8.44,Stable,Medium
2026-08-15,DailyHarvest,Fruit Juice,Beverages,434,77.65,31273.69,19852.34,7.2,1710.99,676.66,22239.99,9033.7,9.59,Competitive,Medium
2026-08-15,DailyHarvest,Potato Chips,Snacks,612,40.14,22772.39,12595.11,7.3,824.66,520.03,13939.8,8832.59,7.64,Growing,Medium
2026-08-15,DailyHarvest,Paneer Pack,Dairy,251,116.74,26400.87,19305.63,9.9,1636.94,898.6,21841.17,4559.7,9.74,Competitive,High
2026-08-15,DailyHarvest,Mixed Namkeen,Snacks,367,86.59,28727.79,18385.04,9.6,1363.07,584.69,20332.8,8394.99,8.55,Competitive,Low
2026-08-15,SpiceHub,Basmati Rice,Staples,309,90.0,25279.29,18303.7,9.1,1696.89,770.58,20771.17,4508.12,9.48,Stable,Low
2026-08-15,SpiceHub,Masala Noodles,Packaged Food,526,43.4,20659.7,13533.6,9.5,792.05,597.44,14923.09,5736.61,7.7,Competitive,High
2026-08-15,SpiceHub,Fruit Juice,Beverages,416,71.6,27134.68,16225.03,8.9,1785.26,688.76,18699.05,8435.63,10.02,Growing,Low
2026-08-15,SpiceHub,Potato Chips,Snacks,685,33.71,20966.95,11855.0,9.2,1197.77,396.7,13449.47,7517.48,8.96,Stable,High
2026-08-15,SpiceHub,Paneer Pack,Dairy,291,109.64,30086.64,19943.42,5.7,1106.23,915.74,21965.39,8121.25,8.62,Stable,High
2026-08-15,SpiceHub,Mixed Namkeen,Snacks,382,82.73,29864.7,17657.26,5.5,1199.98,708.24,19565.48,10299.22,8.84,Competitive,Low
2026-08-15,NutriBest,Basmati Rice,Staples,341,115.67,36958.53,25387.16,6.3,2196.28,1144.04,28727.48,8231.05,8.85,Growing,Medium
2026-08-15,NutriBest,Masala Noodles,Packaged Food,534,53.07,26100.57,17213.26,7.9,1392.43,577.33,19183.02,6917.55,8.29,Stable,Medium
2026-08-15,NutriBest,Fruit Juice,Beverages,458,80.37,33901.51,22550.06,7.9,1619.96,720.01,24890.03,9011.48,8.5,Competitive,Low
2026-08-15,NutriBest,Potato Chips,Snacks,712,40.06,26868.4,16122.88,5.8,1695.34,768.28,18586.5,8281.9,8.75,Growing,Low
2026-08-15,NutriBest,Paneer Pack,Dairy,309,129.45,37680.05,24657.29,5.8,2294.16,833.93,27785.38,9894.67,9.21,Growing,Medium
2026-08-15,NutriBest,Mixed Namkeen,Snacks,351,93.1,29900.46,19440.21,8.5,1070.32,644.45,21154.98,8745.48,9.0,Growing,High
2026-08-15,CrispCo,Basmati Rice,Staples,350,99.32,32571.99,22933.02,6.3,1301.16,973.21,25207.39,7364.6,7.65,Competitive,High
2026-08-15,CrispCo,Masala Noodles,Packaged Food,567,44.87,23838.49,15187.17,6.3,1415.49,539.03,17141.69,6696.8,8.81,Growing,High
2026-08-15,CrispCo,Fruit Juice,Beverages,417,74.14,28350.32,18554.5,8.3,1349.69,562.3,20466.49,7883.83,8.36,Competitive,Medium
2026-08-15,CrispCo,Potato Chips,Snacks,660,38.08,23398.64,11713.4,6.9,1077.3,765.96,13556.66,9841.98,8.98,Growing,High
2026-08-15,CrispCo,Paneer Pack,Dairy,290,114.29,29895.98,21651.58,9.8,1087.95,1006.85,23746.38,6149.6,8.39,Stable,Medium
2026-08-15,CrispCo,Mixed Namkeen,Snacks,422,88.72,35530.41,20705.35,5.1,1619.53,1241.14,23566.02,11964.39,10.14,Stable,Low
2026-09-15,FreshBite,Basmati Rice,Staples,331,99.76,29916.63,21114.91,9.4,1077.94,820.73,23013.58,6903.05,8.68,Growing,Medium
2026-09-15,FreshBite,Masala Noodles,Packaged Food,563,44.01,22721.09,15810.23,8.3,1559.15,645.54,18014.92,4706.17,9.58,Growing,High
2026-09-15,FreshBite,Fruit Juice,Beverages,415,70.59,26980.56,17408.09,7.9,1515.98,691.67,19615.74,7364.82,8.29,Competitive,Low
2026-09-15,FreshBite,Potato Chips,Snacks,656,34.59,20784.99,12318.0,8.4,1228.36,691.66,14238.02,6546.97,10.31,Stable,High
2026-09-15,FreshBite,Paneer Pack,Dairy,314,108.14,30594.32,23421.48,9.9,2052.85,715.83,26190.16,4404.16,9.4,Competitive,Low
2026-09-15,FreshBite,Mixed Namkeen,Snacks,349,83.56,26479.5,16446.59,9.2,1222.14,914.58,18583.31,7896.19,10.45,Stable,Medium
2026-09-15,DailyHarvest,Basmati Rice,Staples,351,107.87,34416.89,24448.0,9.1,1387.64,729.46,26565.1,7851.79,8.29,Growing,High
2026-09-15,DailyHarvest,Masala Noodles,Packaged Food,554,49.21,25081.35,16319.55,8.0,1080.55,462.59,17862.69,7218.66,8.16,Stable,Low
2026-09-15,DailyHarvest,Fruit Juice,Beverages,438,77.56,31253.58,19758.04,8.0,2026.0,823.67,22607.71,8645.87,8.31,Growing,Low
2026-09-15,DailyHarvest,Potato Chips,Snacks,607,36.91,20432.79,12698.45,8.8,1010.54,625.66,14334.65,6098.14,10.52,Growing,Low
2026-09-15,DailyHarvest,Paneer Pack,Dairy,277,119.13,29765.11,21692.1,9.8,1758.38,974.37,24424.85,5340.26,10.26,Stable,Medium
2026-09-15,DailyHarvest,Mixed Namkeen,Snacks,408,91.89,34491.83,21291.0,8.0,1683.04,1171.53,24145.57,10346.26,9.44,Competitive,High
2026-09-15,SpiceHub,Basmati Rice,Staples,357,89.56,29255.22,20779.89,8.5,1491.77,963.14,23234.8,6020.42,10.23,Growing,High
2026-09-15,SpiceHub,Masala Noodles,Packaged Food,565,40.89,20815.67,14170.82,9.9,1286.0,715.31,16172.13,4643.54,8.44,Stable,High
2026-09-15,SpiceHub,Fruit Juice,Beverages,444,71.03,29487.39,17449.0,6.5,1468.06,838.13,19755.19,9732.2,8.09,Competitive,Low
2026-09-15,SpiceHub,Potato Chips,Snacks,689,31.3,19797.31,11830.59,8.2,817.47,553.39,13201.45,6595.86,10.28,Competitive,High
2026-09-15,SpiceHub,Paneer Pack,Dairy,284,109.14,28795.06,19414.4,7.1,1602.76,867.16,21884.32,6910.74,8.48,Stable,Low
2026-09-15,SpiceHub,Mixed Namkeen,Snacks,380,86.23,29982.17,17575.19,8.5,1803.22,602.65,19981.06,10001.11,8.25,Stable,High
2026-09-15,NutriBest,Basmati Rice,Staples,349,115.53,37255.65,26535.29,7.6,1971.13,1272.12,29778.54,7477.11,8.93,Stable,Low
2026-09-15,NutriBest,Masala Noodles,Packaged Food,611,53.09,29323.94,19311.71,9.6,1180.38,960.94,21453.03,7870.91,8.42,Competitive,Low
2026-09-15,NutriBest,Fruit Juice,Beverages,462,85.21,36808.16,22791.38,6.5,2095.34,736.1,25622.82,11185.34,8.29,Growing,Low
2026-09-15,NutriBest,Potato Chips,Snacks,736,40.45,27895.61,16699.21,6.3,1506.99,504.85,18711.05,9184.56,10.25,Growing,Low
2026-09-15,NutriBest,Paneer Pack,Dairy,323,125.86,37644.47,25764.39,7.4,2108.22,834.21,28706.82,8937.65,9.37,Competitive,High
2026-09-15,NutriBest,Mixed Namkeen,Snacks,419,92.57,35257.23,22789.09,9.1,2040.15,656.64,25485.88,9771.35,10.17,Competitive,High
2026-09-15,CrispCo,Basmati Rice,Staples,396,103.18,38203.43,24911.68,6.5,1894.64,803.43,27609.75,10593.68,9.7,Competitive,High
2026-09-15,CrispCo,Masala Noodles,Packaged Food,622,47.88,27398.85,16636.89,8.0,1395.61,762.85,18795.35,8603.5,10.37,Growing,High
2026-09-15,CrispCo,Fruit Juice,Beverages,511,75.66,36110.55,22614.96,6.6,2222.44,1167.68,26005.08,10105.47,8.12,Stable,Low
2026-09-15,CrispCo,Potato Chips,Snacks,686,35.99,22393.05,12407.58,9.3,948.22,482.66,13838.46,8554.59,8.1,Competitive,High
2026-09-15,CrispCo,Paneer Pack,Dairy,343,118.59,37381.58,25264.85,8.1,2209.36,1266.34,28740.55,8641.03,10.51,Stable,Medium
2026-09-15,CrispCo,Mixed Namkeen,Snacks,437,87.49,35709.74,22263.13,6.6,1692.1,721.52,24676.75,11032.99,9.41,Competitive,High
2026-10-15,FreshBite,Basmati Rice,Staples,357,93.69,30269.83,22500.64,9.5,1810.15,1048.77,25359.56,4910.27,8.3,High Demand,Low
2026-10-15,FreshBite,Masala Noodles,Packaged Food,559,46.64,23203.87,15533.67,11.0,1311.85,581.23,17426.75,5777.12,8.42,High Demand,High
2026-10-15,FreshBite,Fruit Juice,Beverages,442,69.24,27237.63,18906.27,11.0,1611.12,608.08,21125.47,6112.16,8.48,High Demand,Medium
2026-10-15,FreshBite,Potato Chips,Snacks,698,33.97,21671.91,13542.49,8.6,1017.45,656.98,15216.92,6454.99,9.9,High Demand,High
2026-10-15,FreshBite,Paneer Pack,Dairy,279,109.97,28257.78,20093.55,7.9,1654.11,948.75,22696.41,5561.37,10.37,High Demand,High
2026-10-15,FreshBite,Mixed Namkeen,Snacks,372,85.97,29486.33,18425.85,7.8,1956.64,762.58,21145.07,8341.26,10.42,High Demand,High
2026-10-15,DailyHarvest,Basmati Rice,Staples,329,107.19,31880.02,22834.92,9.6,1735.27,583.99,25154.18,6725.84,9.8,High Demand,Medium
2026-10-15,DailyHarvest,Masala Noodles,Packaged Food,619,48.09,26374.19,18636.31,11.4,1181.99,488.71,20307.01,6067.18,10.86,High Demand,High
2026-10-15,DailyHarvest,Fruit Juice,Beverages,476,76.84,33722.92,21232.42,7.8,1318.21,1055.52,23606.15,10116.77,9.1,High Demand,Medium
2026-10-15,DailyHarvest,Potato Chips,Snacks,753,37.16,25631.04,16328.87,8.4,1230.43,822.78,18382.08,7248.96,9.09,High Demand,High
2026-10-15,DailyHarvest,Paneer Pack,Dairy,307,122.8,34834.43,24269.39,7.6,2332.77,889.82,27491.98,7342.45,8.36,High Demand,Medium
2026-10-15,DailyHarvest,Mixed Namkeen,Snacks,451,88.05,36613.13,23208.2,7.8,2401.3,852.21,26461.71,10151.42,9.15,High Demand,Low
2026-10-15,SpiceHub,Basmati Rice,Staples,398,94.84,33330.0,23199.35,11.7,2011.8,860.22,26071.37,7258.63,10.16,High Demand,High
2026-10-15,SpiceHub,Masala Noodles,Packaged Food,558,40.91,20864.59,14380.88,8.6,1366.96,493.78,16241.62,4622.97,10.61,High Demand,High
2026-10-15,SpiceHub,Fruit Juice,Beverages,450,70.52,28306.73,17222.67,10.8,1742.2,816.95,19781.82,8524.91,8.85,High Demand,Low
2026-10-15,SpiceHub,Potato Chips,Snacks,703,31.96,20580.58,12028.29,8.4,805.07,422.69,13256.05,7324.53,9.01,High Demand,High
2026-10-15,SpiceHub,Paneer Pack,Dairy,299,109.76,29503.6,20474.09,10.1,1394.37,690.8,22559.26,6944.34,8.67,High Demand,High
2026-10-15,SpiceHub,Mixed Namkeen,Snacks,458,80.8,33342.77,20582.85,9.9,2208.24,906.58,23697.67,9645.1,8.43,High Demand,Low
2026-10-15,NutriBest,Basmati Rice,Staples,385,112.65,38859.74,28012.17,10.4,1940.12,817.71,30770.0,8089.74,9.85,High Demand,High
2026-10-15,NutriBest,Masala Noodles,Packaged Food,642,52.53,30183.21,19928.62,10.5,1407.49,644.97,21981.08,8202.13,10.27,High Demand,High
2026-10-15,NutriBest,Fruit Juice,Beverages,464,85.18,34938.79,23055.84,11.6,1336.48,1105.46,25497.78,9441.01,10.12,High Demand,Low
2026-10-15,NutriBest,Potato Chips,Snacks,768,41.36,28460.97,17029.88,10.4,1226.93,620.58,18877.39,9583.58,10.54,High Demand,High
2026-10-15,NutriBest,Paneer Pack,Dairy,326,123.31,36661.54,27331.16,8.8,1707.02,1196.39,30234.57,6426.97,9.14,High Demand,Medium
2026-10-15,NutriBest,Mixed Namkeen,Snacks,405,95.15,34913.39,22445.95,9.4,1430.68,1084.24,24960.87,9952.52,9.87,High Demand,Low
2026-10-15,CrispCo,Basmati Rice,Staples,401,101.36,36987.28,25315.45,9.0,2014.52,710.37,28040.34,8946.94,9.09,High Demand,Medium
2026-10-15,CrispCo,Masala Noodles,Packaged Food,634,47.19,27195.88,17338.43,9.1,1878.86,666.98,19884.27,7311.61,9.19,High Demand,High
2026-10-15,CrispCo,Fruit Juice,Beverages,556,74.92,37489.97,24054.35,10.0,2345.24,1021.86,27421.45,10068.52,8.91,High Demand,High
2026-10-15,CrispCo,Potato Chips,Snacks,828,37.23,27528.01,15354.17,10.7,1073.63,774.45,17202.25,10325.76,9.15,High Demand,High
2026-10-15,CrispCo,Paneer Pack,Dairy,325,111.75,32977.43,23828.15,9.2,1844.73,977.9,26650.78,6326.65,9.85,High Demand,Medium
2026-10-15,CrispCo,Mixed Namkeen,Snacks,446,83.9,33602.62,21702.26,10.2,1339.47,936.61,23978.34,9624.28,10.26,High Demand,Low
2026-11-15,FreshBite,Basmati Rice,Staples,399,96.02,34365.85,24675.91,10.3,1943.22,879.82,27498.95,6866.9,9.18,High Demand,Medium
2026-11-15,FreshBite,Masala Noodles,Packaged Food,589,46.4,24323.34,17071.04,11.0,1648.73,734.62,19454.39,4868.95,11.03,High Demand,High
2026-11-15,FreshBite,Fruit Juice,Beverages,546,71.75,35297.13,23175.66,9.9,2282.57,1146.9,26605.13,8692.0,8.81,High Demand,High
2026-11-15,FreshBite,Potato Chips,Snacks,831,35.71,27597.76,16400.38,7.0,1071.88,629.16,18101.42,9496.34,8.73,High Demand,High
2026-11-15,FreshBite,Paneer Pack,Dairy,331,112.89,33629.93,24373.14,10.0,1654.97,854.14,26882.25,6747.68,9.2,High Demand,Low
2026-11-15,FreshBite,Mixed Namkeen,Snacks,436,85.39,34288.87,21670.29,7.9,2208.16,707.12,24585.57,9703.3,11.24,High Demand,High
2026-11-15,DailyHarvest,Basmati Rice,Staples,364,107.98,36514.08,24470.81,7.1,2408.87,1065.65,27945.33,8568.75,11.18,High Demand,Low
2026-11-15,DailyHarvest,Masala Noodles,Packaged Food,584,48.36,25361.53,17060.68,10.2,1587.95,717.1,19365.73,5995.8,9.76,High Demand,Low
2026-11-15,DailyHarvest,Fruit Juice,Beverages,511,78.29,36365.63,23065.89,9.1,1560.12,917.18,25543.19,10822.44,8.67,High Demand,Medium
2026-11-15,DailyHarvest,Potato Chips,Snacks,843,38.58,29856.06,17785.32,8.2,1615.69,723.67,20124.68,9731.38,11.19,High Demand,High
2026-11-15,DailyHarvest,Paneer Pack,Dairy,347,120.62,38171.89,27726.42,8.8,1442.98,1160.93,30330.33,7841.56,10.02,High Demand,Medium
2026-11-15,DailyHarvest,Mixed Namkeen,Snacks,451,92.41,38592.82,22663.04,7.4,1988.91,1181.27,25833.22,12759.6,11.15,High Demand,Low
2026-11-15,SpiceHub,Basmati Rice,Staples,423,94.04,35920.36,25375.84,9.7,2393.21,973.28,28742.33,7178.03,8.68,High Demand,Medium
2026-11-15,SpiceHub,Masala Noodles,Packaged Food,661,43.51,26085.42,16611.94,9.3,1789.99,823.51,19225.44,6859.98,9.4,High Demand,High
2026-11-15,SpiceHub,Fruit Juice,Beverages,484,70.55,30185.24,19321.82,11.6,1652.03,574.85,21548.7,8636.54,9.88,High Demand,Low
2026-11-15,SpiceHub,Potato Chips,Snacks,829,31.88,23706.38,14434.65,10.3,852.37,622.08,15909.1,7797.28,8.98,High Demand,High
2026-11-15,SpiceHub,Paneer Pack,Dairy,330,107.21,31522.96,23155.9,10.9,1406.95,705.11,25267.96,6255.0,10.58,High Demand,High
2026-11-15,SpiceHub,Mixed Namkeen,Snacks,440,80.66,31941.36,19934.62,10.0,2021.07,716.81,22672.5,9268.86,10.47,High Demand,Medium
2026-11-15,NutriBest,Basmati Rice,Staples,395,111.89,39953.68,30371.26,9.6,2751.09,1123.67,34246.02,5707.66,10.79,High Demand,Medium
2026-11-15,NutriBest,Masala Noodles,Packaged Food,717,52.23,34041.06,22663.54,9.1,2056.42,709.55,25429.51,8611.55,10.15,High Demand,Medium
2026-11-15,NutriBest,Fruit Juice,Beverages,503,85.59,39478.47,24231.73,8.3,2022.9,1030.23,27284.86,12193.61,9.89,High Demand,High
2026-11-15,NutriBest,Potato Chips,Snacks,800,40.2,28815.36,17525.33,10.4,1543.51,731.64,19800.48,9014.88,9.4,High Demand,Medium
2026-11-15,NutriBest,Paneer Pack,Dairy,365,127.22,42441.86,30669.32,8.6,1630.1,1147.29,33446.71,8995.15,9.57,High Demand,Medium
2026-11-15,NutriBest,Mixed Namkeen,Snacks,498,94.48,42204.78,27286.45,10.3,2662.32,942.89,30891.66,11313.12,10.17,High Demand,Medium
2026-11-15,CrispCo,Basmati Rice,Staples,460,101.54,41710.6,29891.12,10.7,1744.44,990.04,32625.6,9085.0,10.44,High Demand,Low
2026-11-15,CrispCo,Masala Noodles,Packaged Food,679,44.66,28171.13,18041.09,7.1,1391.48,758.63,20191.2,7979.93,10.43,High Demand,High
2026-11-15,CrispCo,Fruit Juice,Beverages,554,71.47,35397.38,23394.22,10.6,2006.28,671.38,26071.88,9325.5,10.19,High Demand,Low
2026-11-15,CrispCo,Potato Chips,Snacks,952,37.21,31810.68,16916.64,10.2,2066.91,642.84,19626.39,12184.29,10.36,High Demand,High
2026-11-15,CrispCo,Paneer Pack,Dairy,417,118.39,44530.5,31468.69,9.8,2642.79,993.33,35104.81,9425.69,9.86,High Demand,Low
2026-11-15,CrispCo,Mixed Namkeen,Snacks,518,85.56,39178.95,25524.62,11.6,2610.05,1217.99,29352.66,9826.29,9.49,High Demand,Low
2026-12-15,FreshBite,Basmati Rice,Staples,422,92.68,35825.64,26250.74,8.4,2502.73,802.14,29555.61,6270.03,11.11,High Demand,Low
2026-12-15,FreshBite,Masala Noodles,Packaged Food,638,47.41,27374.06,18160.87,9.5,1129.06,721.72,20011.65,7362.41,9.37,High Demand,High
2026-12-15,FreshBite,Fruit Juice,Beverages,551,71.95,36433.25,23946.34,8.1,2187.42,719.77,26853.53,9579.72,9.19,High Demand,High
2026-12-15,FreshBite,Potato Chips,Snacks,836,34.01,25333.23,16040.65,10.9,1465.53,456.37,17962.55,7370.68,9.1,High Demand,High
2026-12-15,FreshBite,Paneer Pack,Dairy,346,109.97,35081.75,24998.69,7.8,1232.41,1053.48,27284.58,7797.17,11.0,High Demand,Medium
2026-12-15,FreshBite,Mixed Namkeen,Snacks,455,88.42,35725.22,22432.36,11.2,1925.75,645.06,25003.17,10722.05,11.48,High Demand,Medium
2026-12-15,DailyHarvest,Basmati Rice,Staples,383,111.22,38465.33,26044.17,9.7,1753.98,728.47,28526.62,9938.71,11.59,High Demand,High
2026-12-15,DailyHarvest,Masala Noodles,Packaged Food,615,50.71,28161.54,17564.4,9.7,1438.7,873.87,19876.97,8284.57,10.68,High Demand,Low
2026-12-15,DailyHarvest,Fruit Juice,Beverages,548,77.21,37318.37,24609.01,11.8,1815.68,739.47,27164.16,10154.21,10.79,High Demand,Medium
2026-12-15,DailyHarvest,Potato Chips,Snacks,761,39.37,26904.59,15795.57,10.2,1123.49,813.48,17732.54,9172.05,10.54,High Demand,Medium
2026-12-15,DailyHarvest,Paneer Pack,Dairy,359,121.29,38753.37,27918.91,11.0,2665.2,1232.37,31816.48,6936.89,11.51,High Demand,Low
2026-12-15,DailyHarvest,Mixed Namkeen,Snacks,434,91.6,36852.33,21748.18,7.3,1442.27,1168.98,24359.43,12492.9,10.74,High Demand,Medium
2026-12-15,SpiceHub,Basmati Rice,Staples,467,93.68,38761.22,28227.03,11.4,1672.72,745.17,30644.92,8116.3,10.91,High Demand,Medium
2026-12-15,SpiceHub,Masala Noodles,Packaged Food,716,44.21,28678.85,17591.19,9.4,1707.69,579.86,19878.74,8800.11,9.45,High Demand,High
2026-12-15,SpiceHub,Fruit Juice,Beverages,511,70.82,33112.95,20075.9,8.5,1356.77,928.74,22361.41,10751.54,11.13,High Demand,Low
2026-12-15,SpiceHub,Potato Chips,Snacks,793,32.81,23416.5,13262.43,10.0,985.66,555.79,14803.88,8612.62,11.17,High Demand,High
2026-12-15,SpiceHub,Paneer Pack,Dairy,398,105.93,38365.73,28039.95,9.0,2075.81,900.33,31016.09,7349.64,11.51,High Demand,Low
2026-12-15,SpiceHub,Mixed Namkeen,Snacks,522,82.02,38533.0,23190.38,10.0,1539.13,965.55,25695.06,12837.94,10.81,High Demand,High
2026-12-15,NutriBest,Basmati Rice,Staples,415,117.57,44790.64,30341.55,8.2,2807.78,1287.61,34436.94,10353.7,9.98,High Demand,Low
2026-12-15,NutriBest,Masala Noodles,Packaged Food,649,50.47,29676.06,19933.2,9.4,1131.25,862.98,21927.43,7748.63,11.31,High Demand,Medium
2026-12-15,NutriBest,Fruit Juice,Beverages,604,83.05,44644.36,29229.41,11.0,1786.13,1009.24,32024.78,12619.58,10.17,High Demand,Low
2026-12-15,NutriBest,Potato Chips,Snacks,967,38.94,33851.83,21078.28,10.1,1777.09,1156.21,24011.58,9840.25,10.63,High Demand,Medium
2026-12-15,NutriBest,Paneer Pack,Dairy,381,123.9,43901.49,30461.36,7.0,2351.23,861.64,33674.23,10227.26,9.94,High Demand,High
2026-12-15,NutriBest,Mixed Namkeen,Snacks,514,97.51,45458.97,28057.59,9.3,1675.5,905.34,30638.43,14820.54,9.39,High Demand,Medium
2026-12-15,CrispCo,Basmati Rice,Staples,459,103.2,43674.03,28883.71,7.8,2085.29,941.74,31910.74,11763.29,9.65,High Demand,High
2026-12-15,CrispCo,Masala Noodles,Packaged Food,788,44.8,31489.74,21795.67,10.8,2121.47,660.97,24578.11,6911.63,11.04,High Demand,High
2026-12-15,CrispCo,Fruit Juice,Beverages,599,75.64,41864.92,26356.73,7.6,2333.75,985.56,29676.04,12188.88,9.52,High Demand,High
2026-12-15,CrispCo,Potato Chips,Snacks,992,35.28,32127.94,17742.92,8.2,1391.11,803.65,19937.68,12190.26,9.52,High Demand,High
2026-12-15,CrispCo,Paneer Pack,Dairy,438,114.54,46456.05,31438.77,7.4,2334.66,1006.93,34780.36,11675.69,10.58,High Demand,Low
2026-12-15,CrispCo,Mixed Namkeen,Snacks,518,88.99,42547.36,25836.88,7.7,2941.91,912.11,29690.9,12856.46,9.33,High Demand,High
